--
-- PostgreSQL database dump
--

-- Dumped from database version 12.4 (Debian 12.4-1.pgdg100+1)
-- Dumped by pg_dump version 12.2

-- Started on 2020-10-23 17:31:00 -04

SET statement_timeout = 0;
SET lock_timeout = 0;
SET idle_in_transaction_session_timeout = 0;
SET client_encoding = 'UTF8';
SET standard_conforming_strings = on;
SELECT pg_catalog.set_config('search_path', '', false);
SET check_function_bodies = false;
SET xmloption = content;
SET client_min_messages = warning;
SET row_security = off;

SET default_tablespace = '';

SET default_table_access_method = heap;

--
-- TOC entry 209 (class 1259 OID 19144)
-- Name: adm_roles; Type: TABLE; Schema: public; Owner: postgres
--

CREATE TABLE public.adm_roles (
    id_rol integer NOT NULL,
    rol character varying(50) NOT NULL,
    descripcion character varying(2000),
    estado boolean DEFAULT true NOT NULL,
    "createdAt" timestamp with time zone DEFAULT ('now'::text)::timestamp(6) with time zone NOT NULL,
    "updatedAt" timestamp with time zone DEFAULT ('now'::text)::timestamp(6) with time zone NOT NULL
);


ALTER TABLE public.adm_roles OWNER TO postgres;

--
-- TOC entry 208 (class 1259 OID 19142)
-- Name: adm_roles_id_rol_seq; Type: SEQUENCE; Schema: public; Owner: postgres
--

CREATE SEQUENCE public.adm_roles_id_rol_seq
    AS integer
    START WITH 1
    INCREMENT BY 1
    NO MINVALUE
    NO MAXVALUE
    CACHE 1;


ALTER TABLE public.adm_roles_id_rol_seq OWNER TO postgres;

--
-- TOC entry 3535 (class 0 OID 0)
-- Dependencies: 208
-- Name: adm_roles_id_rol_seq; Type: SEQUENCE OWNED BY; Schema: public; Owner: postgres
--

ALTER SEQUENCE public.adm_roles_id_rol_seq OWNED BY public.adm_roles.id_rol;


--
-- TOC entry 211 (class 1259 OID 19160)
-- Name: adm_usuario_roles; Type: TABLE; Schema: public; Owner: postgres
--

CREATE TABLE public.adm_usuario_roles (
    id_adm_usuario_rol integer NOT NULL,
    id_usuario integer NOT NULL,
    id_rol integer NOT NULL,
    estado boolean DEFAULT true NOT NULL,
    "createdAt" timestamp with time zone DEFAULT ('now'::text)::timestamp(6) with time zone NOT NULL,
    "updatedAt" timestamp with time zone DEFAULT ('now'::text)::timestamp(6) with time zone NOT NULL
);


ALTER TABLE public.adm_usuario_roles OWNER TO postgres;

--
-- TOC entry 210 (class 1259 OID 19158)
-- Name: adm_usuario_roles_id_adm_usuario_rol_seq; Type: SEQUENCE; Schema: public; Owner: postgres
--

CREATE SEQUENCE public.adm_usuario_roles_id_adm_usuario_rol_seq
    AS integer
    START WITH 1
    INCREMENT BY 1
    NO MINVALUE
    NO MAXVALUE
    CACHE 1;


ALTER TABLE public.adm_usuario_roles_id_adm_usuario_rol_seq OWNER TO postgres;

--
-- TOC entry 3536 (class 0 OID 0)
-- Dependencies: 210
-- Name: adm_usuario_roles_id_adm_usuario_rol_seq; Type: SEQUENCE OWNED BY; Schema: public; Owner: postgres
--

ALTER SEQUENCE public.adm_usuario_roles_id_adm_usuario_rol_seq OWNED BY public.adm_usuario_roles.id_adm_usuario_rol;


--
-- TOC entry 207 (class 1259 OID 19123)
-- Name: adm_usuarios; Type: TABLE; Schema: public; Owner: postgres
--

CREATE TABLE public.adm_usuarios (
    id_usuario integer NOT NULL,
    id_persona integer NOT NULL,
    usuario character varying(50) NOT NULL,
    password character varying(100) NOT NULL,
    recordatorio character varying(1000),
    estado boolean DEFAULT true NOT NULL,
    "resetPasswordToken" character varying(100),
    "resetPasswordExpires" timestamp with time zone,
    "createdAt" timestamp with time zone DEFAULT ('now'::text)::timestamp(6) with time zone NOT NULL,
    "updatedAt" timestamp with time zone DEFAULT ('now'::text)::timestamp(6) with time zone NOT NULL
);


ALTER TABLE public.adm_usuarios OWNER TO postgres;

--
-- TOC entry 206 (class 1259 OID 19121)
-- Name: adm_usuarios_id_usuario_seq; Type: SEQUENCE; Schema: public; Owner: postgres
--

CREATE SEQUENCE public.adm_usuarios_id_usuario_seq
    AS integer
    START WITH 1
    INCREMENT BY 1
    NO MINVALUE
    NO MAXVALUE
    CACHE 1;


ALTER TABLE public.adm_usuarios_id_usuario_seq OWNER TO postgres;

--
-- TOC entry 3537 (class 0 OID 0)
-- Dependencies: 206
-- Name: adm_usuarios_id_usuario_seq; Type: SEQUENCE OWNED BY; Schema: public; Owner: postgres
--

ALTER SEQUENCE public.adm_usuarios_id_usuario_seq OWNED BY public.adm_usuarios.id_usuario;


--
-- TOC entry 265 (class 1259 OID 19744)
-- Name: autores; Type: TABLE; Schema: public; Owner: postgres
--

CREATE TABLE public.autores (
    id_autor integer NOT NULL,
    id_investigador integer NOT NULL,
    id_publicacion integer NOT NULL,
    estado boolean DEFAULT true NOT NULL,
    "createdAt" timestamp with time zone DEFAULT ('now'::text)::timestamp(6) with time zone NOT NULL,
    "updatedAt" timestamp with time zone DEFAULT ('now'::text)::timestamp(6) with time zone NOT NULL
);


ALTER TABLE public.autores OWNER TO postgres;

--
-- TOC entry 264 (class 1259 OID 19742)
-- Name: autores_id_autor_seq; Type: SEQUENCE; Schema: public; Owner: postgres
--

CREATE SEQUENCE public.autores_id_autor_seq
    AS integer
    START WITH 1
    INCREMENT BY 1
    NO MINVALUE
    NO MAXVALUE
    CACHE 1;


ALTER TABLE public.autores_id_autor_seq OWNER TO postgres;

--
-- TOC entry 3538 (class 0 OID 0)
-- Dependencies: 264
-- Name: autores_id_autor_seq; Type: SEQUENCE OWNED BY; Schema: public; Owner: postgres
--

ALTER SEQUENCE public.autores_id_autor_seq OWNED BY public.autores.id_autor;


--
-- TOC entry 235 (class 1259 OID 19425)
-- Name: basica_tecnicas; Type: TABLE; Schema: public; Owner: postgres
--

CREATE TABLE public.basica_tecnicas (
    id_basica_tecnica integer NOT NULL,
    id_proyecto integer NOT NULL,
    tipo character varying(200),
    area character varying(500),
    tipo_p character varying(200),
    carga_h integer,
    estado boolean DEFAULT true NOT NULL,
    "createdAt" timestamp with time zone DEFAULT ('now'::text)::timestamp(6) with time zone NOT NULL,
    "updatedAt" timestamp with time zone DEFAULT ('now'::text)::timestamp(6) with time zone NOT NULL
);


ALTER TABLE public.basica_tecnicas OWNER TO postgres;

--
-- TOC entry 234 (class 1259 OID 19423)
-- Name: basica_tecnicas_id_basica_tecnica_seq; Type: SEQUENCE; Schema: public; Owner: postgres
--

CREATE SEQUENCE public.basica_tecnicas_id_basica_tecnica_seq
    AS integer
    START WITH 1
    INCREMENT BY 1
    NO MINVALUE
    NO MAXVALUE
    CACHE 1;


ALTER TABLE public.basica_tecnicas_id_basica_tecnica_seq OWNER TO postgres;

--
-- TOC entry 3539 (class 0 OID 0)
-- Dependencies: 234
-- Name: basica_tecnicas_id_basica_tecnica_seq; Type: SEQUENCE OWNED BY; Schema: public; Owner: postgres
--

ALTER SEQUENCE public.basica_tecnicas_id_basica_tecnica_seq OWNED BY public.basica_tecnicas.id_basica_tecnica;


--
-- TOC entry 263 (class 1259 OID 19720)
-- Name: comentarios; Type: TABLE; Schema: public; Owner: postgres
--

CREATE TABLE public.comentarios (
    id_comentario integer NOT NULL,
    id_persona integer NOT NULL,
    id_publicacion integer NOT NULL,
    comentario character varying(5000),
    estado boolean DEFAULT true NOT NULL,
    "createdAt" timestamp with time zone DEFAULT ('now'::text)::timestamp(6) with time zone NOT NULL,
    "updatedAt" timestamp with time zone DEFAULT ('now'::text)::timestamp(6) with time zone NOT NULL
);


ALTER TABLE public.comentarios OWNER TO postgres;

--
-- TOC entry 262 (class 1259 OID 19718)
-- Name: comentarios_id_comentario_seq; Type: SEQUENCE; Schema: public; Owner: postgres
--

CREATE SEQUENCE public.comentarios_id_comentario_seq
    AS integer
    START WITH 1
    INCREMENT BY 1
    NO MINVALUE
    NO MAXVALUE
    CACHE 1;


ALTER TABLE public.comentarios_id_comentario_seq OWNER TO postgres;

--
-- TOC entry 3540 (class 0 OID 0)
-- Dependencies: 262
-- Name: comentarios_id_comentario_seq; Type: SEQUENCE OWNED BY; Schema: public; Owner: postgres
--

ALTER SEQUENCE public.comentarios_id_comentario_seq OWNED BY public.comentarios.id_comentario;


--
-- TOC entry 233 (class 1259 OID 19401)
-- Name: contra_archivos; Type: TABLE; Schema: public; Owner: postgres
--

CREATE TABLE public.contra_archivos (
    id_contra_archivo integer NOT NULL,
    id_contratado integer NOT NULL,
    archivo character varying(100),
    nombre character varying(1000),
    descripcion character varying(2000),
    id_tipo integer NOT NULL,
    estado boolean DEFAULT true NOT NULL,
    "createdAt" timestamp with time zone DEFAULT ('now'::text)::timestamp(6) with time zone NOT NULL,
    "updatedAt" timestamp with time zone DEFAULT ('now'::text)::timestamp(6) with time zone NOT NULL
);


ALTER TABLE public.contra_archivos OWNER TO postgres;

--
-- TOC entry 232 (class 1259 OID 19399)
-- Name: contra_archivos_id_contra_archivo_seq; Type: SEQUENCE; Schema: public; Owner: postgres
--

CREATE SEQUENCE public.contra_archivos_id_contra_archivo_seq
    AS integer
    START WITH 1
    INCREMENT BY 1
    NO MINVALUE
    NO MAXVALUE
    CACHE 1;


ALTER TABLE public.contra_archivos_id_contra_archivo_seq OWNER TO postgres;

--
-- TOC entry 3541 (class 0 OID 0)
-- Dependencies: 232
-- Name: contra_archivos_id_contra_archivo_seq; Type: SEQUENCE OWNED BY; Schema: public; Owner: postgres
--

ALTER SEQUENCE public.contra_archivos_id_contra_archivo_seq OWNED BY public.contra_archivos.id_contra_archivo;


--
-- TOC entry 231 (class 1259 OID 19376)
-- Name: contratados; Type: TABLE; Schema: public; Owner: postgres
--

CREATE TABLE public.contratados (
    id_contratado integer NOT NULL,
    id_proyecto integer NOT NULL,
    archivo character varying(100),
    nombre_archivo character varying(1000),
    descripcion_archivo character varying(2000),
    id_tipo integer NOT NULL,
    tipo character varying(200),
    nombrecompleto character varying(1500),
    ci character varying(100),
    fechaini timestamp with time zone DEFAULT ('now'::text)::timestamp(6) with time zone NOT NULL,
    fechafin timestamp with time zone,
    descripcion character varying(2000),
    estado boolean DEFAULT true NOT NULL,
    "createdAt" timestamp with time zone DEFAULT ('now'::text)::timestamp(6) with time zone NOT NULL,
    "updatedAt" timestamp with time zone DEFAULT ('now'::text)::timestamp(6) with time zone NOT NULL
);


ALTER TABLE public.contratados OWNER TO postgres;

--
-- TOC entry 230 (class 1259 OID 19374)
-- Name: contratados_id_contratado_seq; Type: SEQUENCE; Schema: public; Owner: postgres
--

CREATE SEQUENCE public.contratados_id_contratado_seq
    AS integer
    START WITH 1
    INCREMENT BY 1
    NO MINVALUE
    NO MAXVALUE
    CACHE 1;


ALTER TABLE public.contratados_id_contratado_seq OWNER TO postgres;

--
-- TOC entry 3542 (class 0 OID 0)
-- Dependencies: 230
-- Name: contratados_id_contratado_seq; Type: SEQUENCE OWNED BY; Schema: public; Owner: postgres
--

ALTER SEQUENCE public.contratados_id_contratado_seq OWNED BY public.contratados.id_contratado;


--
-- TOC entry 229 (class 1259 OID 19352)
-- Name: conv_archivos; Type: TABLE; Schema: public; Owner: postgres
--

CREATE TABLE public.conv_archivos (
    id_conv_archivo integer NOT NULL,
    id_convenio integer NOT NULL,
    archivo character varying(100),
    nombre character varying(1000),
    descripcion character varying(2000),
    id_tipo integer NOT NULL,
    tipo character varying(200),
    estado boolean DEFAULT true NOT NULL,
    "createdAt" timestamp with time zone DEFAULT ('now'::text)::timestamp(6) with time zone NOT NULL,
    "updatedAt" timestamp with time zone DEFAULT ('now'::text)::timestamp(6) with time zone NOT NULL
);


ALTER TABLE public.conv_archivos OWNER TO postgres;

--
-- TOC entry 228 (class 1259 OID 19350)
-- Name: conv_archivos_id_conv_archivo_seq; Type: SEQUENCE; Schema: public; Owner: postgres
--

CREATE SEQUENCE public.conv_archivos_id_conv_archivo_seq
    AS integer
    START WITH 1
    INCREMENT BY 1
    NO MINVALUE
    NO MAXVALUE
    CACHE 1;


ALTER TABLE public.conv_archivos_id_conv_archivo_seq OWNER TO postgres;

--
-- TOC entry 3543 (class 0 OID 0)
-- Dependencies: 228
-- Name: conv_archivos_id_conv_archivo_seq; Type: SEQUENCE OWNED BY; Schema: public; Owner: postgres
--

ALTER SEQUENCE public.conv_archivos_id_conv_archivo_seq OWNED BY public.conv_archivos.id_conv_archivo;


--
-- TOC entry 227 (class 1259 OID 19327)
-- Name: convenios; Type: TABLE; Schema: public; Owner: postgres
--

CREATE TABLE public.convenios (
    id_convenio integer NOT NULL,
    id_proyecto integer NOT NULL,
    archivo character varying(100),
    nombre_archivo character varying(1000),
    descripcion_archivo character varying(2000),
    id_tipo integer NOT NULL,
    tipo character varying(200),
    titulo character varying(1500),
    objetivo character varying(1500),
    fechaini timestamp with time zone DEFAULT ('now'::text)::timestamp(6) with time zone NOT NULL,
    fechafin timestamp with time zone,
    descripcion character varying(2000),
    estado boolean DEFAULT true NOT NULL,
    "createdAt" timestamp with time zone DEFAULT ('now'::text)::timestamp(6) with time zone NOT NULL,
    "updatedAt" timestamp with time zone DEFAULT ('now'::text)::timestamp(6) with time zone NOT NULL
);


ALTER TABLE public.convenios OWNER TO postgres;

--
-- TOC entry 226 (class 1259 OID 19325)
-- Name: convenios_id_convenio_seq; Type: SEQUENCE; Schema: public; Owner: postgres
--

CREATE SEQUENCE public.convenios_id_convenio_seq
    AS integer
    START WITH 1
    INCREMENT BY 1
    NO MINVALUE
    NO MAXVALUE
    CACHE 1;


ALTER TABLE public.convenios_id_convenio_seq OWNER TO postgres;

--
-- TOC entry 3544 (class 0 OID 0)
-- Dependencies: 226
-- Name: convenios_id_convenio_seq; Type: SEQUENCE OWNED BY; Schema: public; Owner: postgres
--

ALTER SEQUENCE public.convenios_id_convenio_seq OWNED BY public.convenios.id_convenio;


--
-- TOC entry 247 (class 1259 OID 19540)
-- Name: curso_archivos; Type: TABLE; Schema: public; Owner: postgres
--

CREATE TABLE public.curso_archivos (
    id_curso_archivo integer NOT NULL,
    id_curso integer NOT NULL,
    archivo character varying(100),
    nombre character varying(1000),
    descripcion character varying(2000),
    id_tipo integer NOT NULL,
    estado boolean DEFAULT true NOT NULL,
    "createdAt" timestamp with time zone DEFAULT ('now'::text)::timestamp(6) with time zone NOT NULL,
    "updatedAt" timestamp with time zone DEFAULT ('now'::text)::timestamp(6) with time zone NOT NULL
);


ALTER TABLE public.curso_archivos OWNER TO postgres;

--
-- TOC entry 246 (class 1259 OID 19538)
-- Name: curso_archivos_id_curso_archivo_seq; Type: SEQUENCE; Schema: public; Owner: postgres
--

CREATE SEQUENCE public.curso_archivos_id_curso_archivo_seq
    AS integer
    START WITH 1
    INCREMENT BY 1
    NO MINVALUE
    NO MAXVALUE
    CACHE 1;


ALTER TABLE public.curso_archivos_id_curso_archivo_seq OWNER TO postgres;

--
-- TOC entry 3545 (class 0 OID 0)
-- Dependencies: 246
-- Name: curso_archivos_id_curso_archivo_seq; Type: SEQUENCE OWNED BY; Schema: public; Owner: postgres
--

ALTER SEQUENCE public.curso_archivos_id_curso_archivo_seq OWNED BY public.curso_archivos.id_curso_archivo;


--
-- TOC entry 243 (class 1259 OID 19501)
-- Name: cursos; Type: TABLE; Schema: public; Owner: postgres
--

CREATE TABLE public.cursos (
    id_curso integer NOT NULL,
    id_proyecto integer NOT NULL,
    titulo character varying(2000),
    objetivo character varying(3000),
    lugar character varying(1500),
    resumen character varying(5000),
    asistentes integer,
    fechaini timestamp with time zone DEFAULT ('now'::text)::timestamp(6) with time zone NOT NULL,
    fechafin timestamp with time zone,
    horas integer,
    estado boolean DEFAULT true NOT NULL,
    "createdAt" timestamp with time zone DEFAULT ('now'::text)::timestamp(6) with time zone NOT NULL,
    "updatedAt" timestamp with time zone DEFAULT ('now'::text)::timestamp(6) with time zone NOT NULL
);


ALTER TABLE public.cursos OWNER TO postgres;

--
-- TOC entry 242 (class 1259 OID 19499)
-- Name: cursos_id_curso_seq; Type: SEQUENCE; Schema: public; Owner: postgres
--

CREATE SEQUENCE public.cursos_id_curso_seq
    AS integer
    START WITH 1
    INCREMENT BY 1
    NO MINVALUE
    NO MAXVALUE
    CACHE 1;


ALTER TABLE public.cursos_id_curso_seq OWNER TO postgres;

--
-- TOC entry 3546 (class 0 OID 0)
-- Dependencies: 242
-- Name: cursos_id_curso_seq; Type: SEQUENCE OWNED BY; Schema: public; Owner: postgres
--

ALTER SEQUENCE public.cursos_id_curso_seq OWNED BY public.cursos.id_curso;


--
-- TOC entry 251 (class 1259 OID 19584)
-- Name: evento_archivos; Type: TABLE; Schema: public; Owner: postgres
--

CREATE TABLE public.evento_archivos (
    id_evento_archivos integer NOT NULL,
    id_evento integer NOT NULL,
    archivo character varying(100),
    nombre character varying(1000),
    descripcion character varying(2000),
    id_tipo integer NOT NULL,
    estado boolean DEFAULT true NOT NULL,
    "createdAt" timestamp with time zone DEFAULT ('now'::text)::timestamp(6) with time zone NOT NULL,
    "updatedAt" timestamp with time zone DEFAULT ('now'::text)::timestamp(6) with time zone NOT NULL
);


ALTER TABLE public.evento_archivos OWNER TO postgres;

--
-- TOC entry 250 (class 1259 OID 19582)
-- Name: evento_archivos_id_evento_archivos_seq; Type: SEQUENCE; Schema: public; Owner: postgres
--

CREATE SEQUENCE public.evento_archivos_id_evento_archivos_seq
    AS integer
    START WITH 1
    INCREMENT BY 1
    NO MINVALUE
    NO MAXVALUE
    CACHE 1;


ALTER TABLE public.evento_archivos_id_evento_archivos_seq OWNER TO postgres;

--
-- TOC entry 3547 (class 0 OID 0)
-- Dependencies: 250
-- Name: evento_archivos_id_evento_archivos_seq; Type: SEQUENCE OWNED BY; Schema: public; Owner: postgres
--

ALTER SEQUENCE public.evento_archivos_id_evento_archivos_seq OWNED BY public.evento_archivos.id_evento_archivos;


--
-- TOC entry 249 (class 1259 OID 19564)
-- Name: eventos; Type: TABLE; Schema: public; Owner: postgres
--

CREATE TABLE public.eventos (
    id_evento integer NOT NULL,
    id_proyecto integer NOT NULL,
    titulo character varying(3000),
    objetivo character varying(3000),
    lugar character varying(1000),
    fechaini timestamp with time zone DEFAULT ('now'::text)::timestamp(6) with time zone NOT NULL,
    fechafin timestamp with time zone,
    resumen character varying(5000),
    estado boolean DEFAULT true NOT NULL,
    "createdAt" timestamp with time zone DEFAULT ('now'::text)::timestamp(6) with time zone NOT NULL,
    "updatedAt" timestamp with time zone DEFAULT ('now'::text)::timestamp(6) with time zone NOT NULL
);


ALTER TABLE public.eventos OWNER TO postgres;

--
-- TOC entry 248 (class 1259 OID 19562)
-- Name: eventos_id_evento_seq; Type: SEQUENCE; Schema: public; Owner: postgres
--

CREATE SEQUENCE public.eventos_id_evento_seq
    AS integer
    START WITH 1
    INCREMENT BY 1
    NO MINVALUE
    NO MAXVALUE
    CACHE 1;


ALTER TABLE public.eventos_id_evento_seq OWNER TO postgres;

--
-- TOC entry 3548 (class 0 OID 0)
-- Dependencies: 248
-- Name: eventos_id_evento_seq; Type: SEQUENCE OWNED BY; Schema: public; Owner: postgres
--

ALTER SEQUENCE public.eventos_id_evento_seq OWNED BY public.eventos.id_evento;


--
-- TOC entry 259 (class 1259 OID 19671)
-- Name: expo_archivos; Type: TABLE; Schema: public; Owner: postgres
--

CREATE TABLE public.expo_archivos (
    id_expo_archivo integer NOT NULL,
    id_exposicion integer NOT NULL,
    archivo character varying(100),
    nombre character varying(1000),
    descripcion character varying(2000),
    id_tipo integer NOT NULL,
    estado boolean DEFAULT true NOT NULL,
    "createdAt" timestamp with time zone DEFAULT ('now'::text)::timestamp(6) with time zone NOT NULL,
    "updatedAt" timestamp with time zone DEFAULT ('now'::text)::timestamp(6) with time zone NOT NULL
);


ALTER TABLE public.expo_archivos OWNER TO postgres;

--
-- TOC entry 258 (class 1259 OID 19669)
-- Name: expo_archivos_id_expo_archivo_seq; Type: SEQUENCE; Schema: public; Owner: postgres
--

CREATE SEQUENCE public.expo_archivos_id_expo_archivo_seq
    AS integer
    START WITH 1
    INCREMENT BY 1
    NO MINVALUE
    NO MAXVALUE
    CACHE 1;


ALTER TABLE public.expo_archivos_id_expo_archivo_seq OWNER TO postgres;

--
-- TOC entry 3549 (class 0 OID 0)
-- Dependencies: 258
-- Name: expo_archivos_id_expo_archivo_seq; Type: SEQUENCE OWNED BY; Schema: public; Owner: postgres
--

ALTER SEQUENCE public.expo_archivos_id_expo_archivo_seq OWNED BY public.expo_archivos.id_expo_archivo;


--
-- TOC entry 257 (class 1259 OID 19651)
-- Name: exposiciones; Type: TABLE; Schema: public; Owner: postgres
--

CREATE TABLE public.exposiciones (
    id_exposicion integer NOT NULL,
    id_proyecto integer NOT NULL,
    titulo character varying(2000),
    tema character varying(2000),
    objetivo character varying(2000),
    lugar character varying(3000),
    asistentes integer,
    fechaini timestamp with time zone DEFAULT ('now'::text)::timestamp(6) with time zone NOT NULL,
    fechafin timestamp with time zone,
    resumen character varying(5000),
    estado boolean DEFAULT true NOT NULL,
    "createdAt" timestamp with time zone DEFAULT ('now'::text)::timestamp(6) with time zone NOT NULL,
    "updatedAt" timestamp with time zone DEFAULT ('now'::text)::timestamp(6) with time zone NOT NULL
);


ALTER TABLE public.exposiciones OWNER TO postgres;

--
-- TOC entry 256 (class 1259 OID 19649)
-- Name: exposiciones_id_exposicion_seq; Type: SEQUENCE; Schema: public; Owner: postgres
--

CREATE SEQUENCE public.exposiciones_id_exposicion_seq
    AS integer
    START WITH 1
    INCREMENT BY 1
    NO MINVALUE
    NO MAXVALUE
    CACHE 1;


ALTER TABLE public.exposiciones_id_exposicion_seq OWNER TO postgres;

--
-- TOC entry 3550 (class 0 OID 0)
-- Dependencies: 256
-- Name: exposiciones_id_exposicion_seq; Type: SEQUENCE OWNED BY; Schema: public; Owner: postgres
--

ALTER SEQUENCE public.exposiciones_id_exposicion_seq OWNED BY public.exposiciones.id_exposicion;


--
-- TOC entry 245 (class 1259 OID 19521)
-- Name: expositores; Type: TABLE; Schema: public; Owner: postgres
--

CREATE TABLE public.expositores (
    id_expositor integer NOT NULL,
    id_curso integer NOT NULL,
    nombres character varying(1000),
    apellidos character varying(1000),
    estado boolean DEFAULT true NOT NULL,
    "createdAt" timestamp with time zone DEFAULT ('now'::text)::timestamp(6) with time zone NOT NULL,
    "updatedAt" timestamp with time zone DEFAULT ('now'::text)::timestamp(6) with time zone NOT NULL
);


ALTER TABLE public.expositores OWNER TO postgres;

--
-- TOC entry 244 (class 1259 OID 19519)
-- Name: expositores_id_expositor_seq; Type: SEQUENCE; Schema: public; Owner: postgres
--

CREATE SEQUENCE public.expositores_id_expositor_seq
    AS integer
    START WITH 1
    INCREMENT BY 1
    NO MINVALUE
    NO MAXVALUE
    CACHE 1;


ALTER TABLE public.expositores_id_expositor_seq OWNER TO postgres;

--
-- TOC entry 3551 (class 0 OID 0)
-- Dependencies: 244
-- Name: expositores_id_expositor_seq; Type: SEQUENCE OWNED BY; Schema: public; Owner: postgres
--

ALTER SEQUENCE public.expositores_id_expositor_seq OWNED BY public.expositores.id_expositor;


--
-- TOC entry 239 (class 1259 OID 19463)
-- Name: financiamientos; Type: TABLE; Schema: public; Owner: postgres
--

CREATE TABLE public.financiamientos (
    id_financiamiento integer NOT NULL,
    id_proyecto integer NOT NULL,
    fuente character varying(2000),
    aporte integer,
    observacion character varying(5000),
    estado boolean DEFAULT true NOT NULL,
    "createdAt" timestamp with time zone DEFAULT ('now'::text)::timestamp(6) with time zone NOT NULL,
    "updatedAt" timestamp with time zone DEFAULT ('now'::text)::timestamp(6) with time zone NOT NULL
);


ALTER TABLE public.financiamientos OWNER TO postgres;

--
-- TOC entry 238 (class 1259 OID 19461)
-- Name: financiamientos_id_financiamiento_seq; Type: SEQUENCE; Schema: public; Owner: postgres
--

CREATE SEQUENCE public.financiamientos_id_financiamiento_seq
    AS integer
    START WITH 1
    INCREMENT BY 1
    NO MINVALUE
    NO MAXVALUE
    CACHE 1;


ALTER TABLE public.financiamientos_id_financiamiento_seq OWNER TO postgres;

--
-- TOC entry 3552 (class 0 OID 0)
-- Dependencies: 238
-- Name: financiamientos_id_financiamiento_seq; Type: SEQUENCE OWNED BY; Schema: public; Owner: postgres
--

ALTER SEQUENCE public.financiamientos_id_financiamiento_seq OWNED BY public.financiamientos.id_financiamiento;


--
-- TOC entry 203 (class 1259 OID 19077)
-- Name: fotografias; Type: TABLE; Schema: public; Owner: postgres
--

CREATE TABLE public.fotografias (
    id_fotografia integer NOT NULL,
    imagen character varying(200),
    descripcion character varying(250),
    numero integer DEFAULT 0 NOT NULL,
    estado boolean DEFAULT true NOT NULL,
    tipo character varying(100) DEFAULT 'foto'::character varying NOT NULL,
    "createdAt" timestamp with time zone DEFAULT ('now'::text)::timestamp(6) with time zone NOT NULL,
    "updatedAt" timestamp with time zone DEFAULT ('now'::text)::timestamp(6) with time zone NOT NULL
);


ALTER TABLE public.fotografias OWNER TO postgres;

--
-- TOC entry 202 (class 1259 OID 19075)
-- Name: fotografias_id_fotografia_seq; Type: SEQUENCE; Schema: public; Owner: postgres
--

CREATE SEQUENCE public.fotografias_id_fotografia_seq
    AS integer
    START WITH 1
    INCREMENT BY 1
    NO MINVALUE
    NO MAXVALUE
    CACHE 1;


ALTER TABLE public.fotografias_id_fotografia_seq OWNER TO postgres;

--
-- TOC entry 3553 (class 0 OID 0)
-- Dependencies: 202
-- Name: fotografias_id_fotografia_seq; Type: SEQUENCE OWNED BY; Schema: public; Owner: postgres
--

ALTER SEQUENCE public.fotografias_id_fotografia_seq OWNED BY public.fotografias.id_fotografia;


--
-- TOC entry 223 (class 1259 OID 19282)
-- Name: inv_proyectos; Type: TABLE; Schema: public; Owner: postgres
--

CREATE TABLE public.inv_proyectos (
    id_inv_proyecto integer NOT NULL,
    id_proyecto integer NOT NULL,
    id_investigador integer NOT NULL,
    estado boolean DEFAULT true NOT NULL,
    "createdAt" timestamp with time zone DEFAULT ('now'::text)::timestamp(6) with time zone NOT NULL,
    "updatedAt" timestamp with time zone DEFAULT ('now'::text)::timestamp(6) with time zone NOT NULL
);


ALTER TABLE public.inv_proyectos OWNER TO postgres;

--
-- TOC entry 222 (class 1259 OID 19280)
-- Name: inv_proyectos_id_inv_proyecto_seq; Type: SEQUENCE; Schema: public; Owner: postgres
--

CREATE SEQUENCE public.inv_proyectos_id_inv_proyecto_seq
    AS integer
    START WITH 1
    INCREMENT BY 1
    NO MINVALUE
    NO MAXVALUE
    CACHE 1;


ALTER TABLE public.inv_proyectos_id_inv_proyecto_seq OWNER TO postgres;

--
-- TOC entry 3554 (class 0 OID 0)
-- Dependencies: 222
-- Name: inv_proyectos_id_inv_proyecto_seq; Type: SEQUENCE OWNED BY; Schema: public; Owner: postgres
--

ALTER SEQUENCE public.inv_proyectos_id_inv_proyecto_seq OWNED BY public.inv_proyectos.id_inv_proyecto;


--
-- TOC entry 213 (class 1259 OID 19181)
-- Name: inv_tipos; Type: TABLE; Schema: public; Owner: postgres
--

CREATE TABLE public.inv_tipos (
    id_inv_tipo integer NOT NULL,
    tipo character varying(100),
    descripcion character varying(2000),
    estado boolean DEFAULT true NOT NULL,
    "createdAt" timestamp with time zone DEFAULT ('now'::text)::timestamp(6) with time zone NOT NULL,
    "updatedAt" timestamp with time zone DEFAULT ('now'::text)::timestamp(6) with time zone NOT NULL
);


ALTER TABLE public.inv_tipos OWNER TO postgres;

--
-- TOC entry 212 (class 1259 OID 19179)
-- Name: inv_tipos_id_inv_tipo_seq; Type: SEQUENCE; Schema: public; Owner: postgres
--

CREATE SEQUENCE public.inv_tipos_id_inv_tipo_seq
    AS integer
    START WITH 1
    INCREMENT BY 1
    NO MINVALUE
    NO MAXVALUE
    CACHE 1;


ALTER TABLE public.inv_tipos_id_inv_tipo_seq OWNER TO postgres;

--
-- TOC entry 3555 (class 0 OID 0)
-- Dependencies: 212
-- Name: inv_tipos_id_inv_tipo_seq; Type: SEQUENCE OWNED BY; Schema: public; Owner: postgres
--

ALTER SEQUENCE public.inv_tipos_id_inv_tipo_seq OWNED BY public.inv_tipos.id_inv_tipo;


--
-- TOC entry 217 (class 1259 OID 19209)
-- Name: investigadores; Type: TABLE; Schema: public; Owner: postgres
--

CREATE TABLE public.investigadores (
    id_investigador integer NOT NULL,
    id_persona integer NOT NULL,
    id_inv_tipo integer NOT NULL,
    estado boolean DEFAULT true NOT NULL,
    "createdAt" timestamp with time zone DEFAULT ('now'::text)::timestamp(6) with time zone NOT NULL,
    "updatedAt" timestamp with time zone DEFAULT ('now'::text)::timestamp(6) with time zone NOT NULL
);


ALTER TABLE public.investigadores OWNER TO postgres;

--
-- TOC entry 216 (class 1259 OID 19207)
-- Name: investigadores_id_investigador_seq; Type: SEQUENCE; Schema: public; Owner: postgres
--

CREATE SEQUENCE public.investigadores_id_investigador_seq
    AS integer
    START WITH 1
    INCREMENT BY 1
    NO MINVALUE
    NO MAXVALUE
    CACHE 1;


ALTER TABLE public.investigadores_id_investigador_seq OWNER TO postgres;

--
-- TOC entry 3556 (class 0 OID 0)
-- Dependencies: 216
-- Name: investigadores_id_investigador_seq; Type: SEQUENCE OWNED BY; Schema: public; Owner: postgres
--

ALTER SEQUENCE public.investigadores_id_investigador_seq OWNED BY public.investigadores.id_investigador;


--
-- TOC entry 241 (class 1259 OID 19482)
-- Name: lugar_desarrollos; Type: TABLE; Schema: public; Owner: postgres
--

CREATE TABLE public.lugar_desarrollos (
    id_lugar_desarrollo integer NOT NULL,
    id_proyecto integer NOT NULL,
    departamento character varying(500),
    provincia character varying(500),
    municipio character varying(500),
    localidad character varying(500),
    latmax numeric(10,8),
    lonmax numeric(10,8),
    latmin numeric(10,8),
    lonmin numeric(10,8),
    estado boolean DEFAULT true NOT NULL,
    "createdAt" timestamp with time zone DEFAULT ('now'::text)::timestamp(6) with time zone NOT NULL,
    "updatedAt" timestamp with time zone DEFAULT ('now'::text)::timestamp(6) with time zone NOT NULL
);


ALTER TABLE public.lugar_desarrollos OWNER TO postgres;

--
-- TOC entry 240 (class 1259 OID 19480)
-- Name: lugar_desarrollos_id_lugar_desarrollo_seq; Type: SEQUENCE; Schema: public; Owner: postgres
--

CREATE SEQUENCE public.lugar_desarrollos_id_lugar_desarrollo_seq
    AS integer
    START WITH 1
    INCREMENT BY 1
    NO MINVALUE
    NO MAXVALUE
    CACHE 1;


ALTER TABLE public.lugar_desarrollos_id_lugar_desarrollo_seq OWNER TO postgres;

--
-- TOC entry 3557 (class 0 OID 0)
-- Dependencies: 240
-- Name: lugar_desarrollos_id_lugar_desarrollo_seq; Type: SEQUENCE OWNED BY; Schema: public; Owner: postgres
--

ALTER SEQUENCE public.lugar_desarrollos_id_lugar_desarrollo_seq OWNED BY public.lugar_desarrollos.id_lugar_desarrollo;


--
-- TOC entry 255 (class 1259 OID 19627)
-- Name: nota_archivos; Type: TABLE; Schema: public; Owner: postgres
--

CREATE TABLE public.nota_archivos (
    id_nota_archivo integer NOT NULL,
    id_nota_prensa integer NOT NULL,
    archivo character varying(100),
    nombre character varying(1000),
    descripcion character varying(2000),
    id_tipo integer NOT NULL,
    estado boolean DEFAULT true NOT NULL,
    "createdAt" timestamp with time zone DEFAULT ('now'::text)::timestamp(6) with time zone NOT NULL,
    "updatedAt" timestamp with time zone DEFAULT ('now'::text)::timestamp(6) with time zone NOT NULL
);


ALTER TABLE public.nota_archivos OWNER TO postgres;

--
-- TOC entry 254 (class 1259 OID 19625)
-- Name: nota_archivos_id_nota_archivo_seq; Type: SEQUENCE; Schema: public; Owner: postgres
--

CREATE SEQUENCE public.nota_archivos_id_nota_archivo_seq
    AS integer
    START WITH 1
    INCREMENT BY 1
    NO MINVALUE
    NO MAXVALUE
    CACHE 1;


ALTER TABLE public.nota_archivos_id_nota_archivo_seq OWNER TO postgres;

--
-- TOC entry 3558 (class 0 OID 0)
-- Dependencies: 254
-- Name: nota_archivos_id_nota_archivo_seq; Type: SEQUENCE OWNED BY; Schema: public; Owner: postgres
--

ALTER SEQUENCE public.nota_archivos_id_nota_archivo_seq OWNED BY public.nota_archivos.id_nota_archivo;


--
-- TOC entry 253 (class 1259 OID 19608)
-- Name: nota_prensas; Type: TABLE; Schema: public; Owner: postgres
--

CREATE TABLE public.nota_prensas (
    id_nota_prensa integer NOT NULL,
    id_proyecto integer NOT NULL,
    titulo character varying(3000),
    objetivo character varying(4000),
    lugar character varying(1000),
    prensa character varying(1000),
    fecha timestamp with time zone,
    resumen character varying(5000),
    estado boolean DEFAULT true NOT NULL,
    "createdAt" timestamp with time zone DEFAULT ('now'::text)::timestamp(6) with time zone NOT NULL,
    "updatedAt" timestamp with time zone DEFAULT ('now'::text)::timestamp(6) with time zone NOT NULL
);


ALTER TABLE public.nota_prensas OWNER TO postgres;

--
-- TOC entry 252 (class 1259 OID 19606)
-- Name: nota_prensas_id_nota_prensa_seq; Type: SEQUENCE; Schema: public; Owner: postgres
--

CREATE SEQUENCE public.nota_prensas_id_nota_prensa_seq
    AS integer
    START WITH 1
    INCREMENT BY 1
    NO MINVALUE
    NO MAXVALUE
    CACHE 1;


ALTER TABLE public.nota_prensas_id_nota_prensa_seq OWNER TO postgres;

--
-- TOC entry 3559 (class 0 OID 0)
-- Dependencies: 252
-- Name: nota_prensas_id_nota_prensa_seq; Type: SEQUENCE OWNED BY; Schema: public; Owner: postgres
--

ALTER SEQUENCE public.nota_prensas_id_nota_prensa_seq OWNED BY public.nota_prensas.id_nota_prensa;


--
-- TOC entry 225 (class 1259 OID 19303)
-- Name: permiso_archivos; Type: TABLE; Schema: public; Owner: postgres
--

CREATE TABLE public.permiso_archivos (
    id_permiso_archivo integer NOT NULL,
    id_proyecto integer NOT NULL,
    tipo character varying(100),
    archivo character varying(100),
    nombre character varying(1000),
    descripcion character varying(2000),
    id_tipo integer NOT NULL,
    estado boolean DEFAULT true NOT NULL,
    "createdAt" timestamp with time zone DEFAULT ('now'::text)::timestamp(6) with time zone NOT NULL,
    "updatedAt" timestamp with time zone DEFAULT ('now'::text)::timestamp(6) with time zone NOT NULL
);


ALTER TABLE public.permiso_archivos OWNER TO postgres;

--
-- TOC entry 224 (class 1259 OID 19301)
-- Name: permiso_archivos_id_permiso_archivo_seq; Type: SEQUENCE; Schema: public; Owner: postgres
--

CREATE SEQUENCE public.permiso_archivos_id_permiso_archivo_seq
    AS integer
    START WITH 1
    INCREMENT BY 1
    NO MINVALUE
    NO MAXVALUE
    CACHE 1;


ALTER TABLE public.permiso_archivos_id_permiso_archivo_seq OWNER TO postgres;

--
-- TOC entry 3560 (class 0 OID 0)
-- Dependencies: 224
-- Name: permiso_archivos_id_permiso_archivo_seq; Type: SEQUENCE OWNED BY; Schema: public; Owner: postgres
--

ALTER SEQUENCE public.permiso_archivos_id_permiso_archivo_seq OWNED BY public.permiso_archivos.id_permiso_archivo;


--
-- TOC entry 205 (class 1259 OID 19093)
-- Name: personas; Type: TABLE; Schema: public; Owner: postgres
--

CREATE TABLE public.personas (
    id_persona integer NOT NULL,
    id_fotografia integer DEFAULT 1 NOT NULL,
    paterno character varying(100) NOT NULL,
    materno character varying(100),
    nombres character varying(100) NOT NULL,
    ci character varying(20) NOT NULL,
    sexo character varying(20),
    estado_civil character varying(50),
    url character varying(200),
    fec_nacimiento timestamp without time zone,
    ciudad character varying(100),
    provincia character varying(100),
    pais character varying(100),
    direccion1 character varying(1000),
    direccion2 character varying(1000),
    correo character varying(100) NOT NULL,
    telefono character varying(20),
    celular character varying(20),
    lenguaje character varying(500),
    grado_academico character varying(200),
    formacion_pro text,
    formacion_adi text,
    habilidades text,
    conclusion text,
    tema character varying(50) DEFAULT ''::character varying NOT NULL,
    color character varying(50) DEFAULT 'theme-cyan'::character varying NOT NULL,
    estado boolean DEFAULT true NOT NULL,
    "createdAt" timestamp with time zone DEFAULT ('now'::text)::timestamp(6) with time zone NOT NULL,
    "updatedAt" timestamp with time zone DEFAULT ('now'::text)::timestamp(6) with time zone NOT NULL
);


ALTER TABLE public.personas OWNER TO postgres;

--
-- TOC entry 204 (class 1259 OID 19091)
-- Name: personas_id_persona_seq; Type: SEQUENCE; Schema: public; Owner: postgres
--

CREATE SEQUENCE public.personas_id_persona_seq
    AS integer
    START WITH 1
    INCREMENT BY 1
    NO MINVALUE
    NO MAXVALUE
    CACHE 1;


ALTER TABLE public.personas_id_persona_seq OWNER TO postgres;

--
-- TOC entry 3561 (class 0 OID 0)
-- Dependencies: 204
-- Name: personas_id_persona_seq; Type: SEQUENCE OWNED BY; Schema: public; Owner: postgres
--

ALTER SEQUENCE public.personas_id_persona_seq OWNED BY public.personas.id_persona;


--
-- TOC entry 271 (class 1259 OID 19813)
-- Name: peti_archivos; Type: TABLE; Schema: public; Owner: postgres
--

CREATE TABLE public.peti_archivos (
    id_peti_archivo integer NOT NULL,
    id_peticion integer NOT NULL,
    archivo character varying(100),
    nombre character varying(1000),
    descripcion character varying(2000),
    id_tipo integer NOT NULL,
    estado boolean DEFAULT true NOT NULL,
    "createdAt" timestamp with time zone DEFAULT ('now'::text)::timestamp(6) with time zone NOT NULL,
    "updatedAt" timestamp with time zone DEFAULT ('now'::text)::timestamp(6) with time zone NOT NULL
);


ALTER TABLE public.peti_archivos OWNER TO postgres;

--
-- TOC entry 270 (class 1259 OID 19811)
-- Name: peti_archivos_id_peti_archivo_seq; Type: SEQUENCE; Schema: public; Owner: postgres
--

CREATE SEQUENCE public.peti_archivos_id_peti_archivo_seq
    AS integer
    START WITH 1
    INCREMENT BY 1
    NO MINVALUE
    NO MAXVALUE
    CACHE 1;


ALTER TABLE public.peti_archivos_id_peti_archivo_seq OWNER TO postgres;

--
-- TOC entry 3562 (class 0 OID 0)
-- Dependencies: 270
-- Name: peti_archivos_id_peti_archivo_seq; Type: SEQUENCE OWNED BY; Schema: public; Owner: postgres
--

ALTER SEQUENCE public.peti_archivos_id_peti_archivo_seq OWNED BY public.peti_archivos.id_peti_archivo;


--
-- TOC entry 269 (class 1259 OID 19789)
-- Name: peticiones; Type: TABLE; Schema: public; Owner: postgres
--

CREATE TABLE public.peticiones (
    id_peticion integer NOT NULL,
    id_proyecto integer NOT NULL,
    id_investigador integer NOT NULL,
    tipo character varying(100),
    motivos character varying(5000),
    detalle character varying(5000),
    estado boolean DEFAULT true NOT NULL,
    "createdAt" timestamp with time zone DEFAULT ('now'::text)::timestamp(6) with time zone NOT NULL,
    "updatedAt" timestamp with time zone DEFAULT ('now'::text)::timestamp(6) with time zone NOT NULL
);


ALTER TABLE public.peticiones OWNER TO postgres;

--
-- TOC entry 268 (class 1259 OID 19787)
-- Name: peticiones_id_peticion_seq; Type: SEQUENCE; Schema: public; Owner: postgres
--

CREATE SEQUENCE public.peticiones_id_peticion_seq
    AS integer
    START WITH 1
    INCREMENT BY 1
    NO MINVALUE
    NO MAXVALUE
    CACHE 1;


ALTER TABLE public.peticiones_id_peticion_seq OWNER TO postgres;

--
-- TOC entry 3563 (class 0 OID 0)
-- Dependencies: 268
-- Name: peticiones_id_peticion_seq; Type: SEQUENCE OWNED BY; Schema: public; Owner: postgres
--

ALTER SEQUENCE public.peticiones_id_peticion_seq OWNED BY public.peticiones.id_peticion;


--
-- TOC entry 221 (class 1259 OID 19258)
-- Name: proy_archivos; Type: TABLE; Schema: public; Owner: postgres
--

CREATE TABLE public.proy_archivos (
    id_proy_archivo integer NOT NULL,
    id_proyecto integer NOT NULL,
    archivo character varying(100),
    nombre character varying(1000),
    descripcion character varying(2000),
    id_tipo integer NOT NULL,
    estado boolean DEFAULT true NOT NULL,
    "createdAt" timestamp with time zone DEFAULT ('now'::text)::timestamp(6) with time zone NOT NULL,
    "updatedAt" timestamp with time zone DEFAULT ('now'::text)::timestamp(6) with time zone NOT NULL
);


ALTER TABLE public.proy_archivos OWNER TO postgres;

--
-- TOC entry 220 (class 1259 OID 19256)
-- Name: proy_archivos_id_proy_archivo_seq; Type: SEQUENCE; Schema: public; Owner: postgres
--

CREATE SEQUENCE public.proy_archivos_id_proy_archivo_seq
    AS integer
    START WITH 1
    INCREMENT BY 1
    NO MINVALUE
    NO MAXVALUE
    CACHE 1;


ALTER TABLE public.proy_archivos_id_proy_archivo_seq OWNER TO postgres;

--
-- TOC entry 3564 (class 0 OID 0)
-- Dependencies: 220
-- Name: proy_archivos_id_proy_archivo_seq; Type: SEQUENCE OWNED BY; Schema: public; Owner: postgres
--

ALTER SEQUENCE public.proy_archivos_id_proy_archivo_seq OWNED BY public.proy_archivos.id_proy_archivo;


--
-- TOC entry 219 (class 1259 OID 19230)
-- Name: proyectos; Type: TABLE; Schema: public; Owner: postgres
--

CREATE TABLE public.proyectos (
    id_proyecto integer NOT NULL,
    id_adm integer NOT NULL,
    id_coordinador integer NOT NULL,
    titulo character varying(2000),
    proceso integer DEFAULT 0,
    fechaini timestamp with time zone DEFAULT ('now'::text)::timestamp(6) with time zone NOT NULL,
    fechafin timestamp with time zone,
    carrera character varying(500) DEFAULT 'Biologia'::character varying,
    n_instituto character varying(500) DEFAULT 'Instituto de Ecologia'::character varying,
    tipo character varying(300),
    area character varying(300),
    tipo_p character varying(300),
    carga_h integer,
    moneda character varying(100),
    financiamiento integer,
    estado character varying(100) DEFAULT 'activo'::character varying NOT NULL,
    "createdAt" timestamp with time zone DEFAULT ('now'::text)::timestamp(6) with time zone NOT NULL,
    "updatedAt" timestamp with time zone DEFAULT ('now'::text)::timestamp(6) with time zone NOT NULL
);


ALTER TABLE public.proyectos OWNER TO postgres;

--
-- TOC entry 218 (class 1259 OID 19228)
-- Name: proyectos_id_proyecto_seq; Type: SEQUENCE; Schema: public; Owner: postgres
--

CREATE SEQUENCE public.proyectos_id_proyecto_seq
    AS integer
    START WITH 1
    INCREMENT BY 1
    NO MINVALUE
    NO MAXVALUE
    CACHE 1;


ALTER TABLE public.proyectos_id_proyecto_seq OWNER TO postgres;

--
-- TOC entry 3565 (class 0 OID 0)
-- Dependencies: 218
-- Name: proyectos_id_proyecto_seq; Type: SEQUENCE OWNED BY; Schema: public; Owner: postgres
--

ALTER SEQUENCE public.proyectos_id_proyecto_seq OWNED BY public.proyectos.id_proyecto;


--
-- TOC entry 267 (class 1259 OID 19765)
-- Name: publi_archivos; Type: TABLE; Schema: public; Owner: postgres
--

CREATE TABLE public.publi_archivos (
    id_publi_archivo integer NOT NULL,
    id_publicacion integer NOT NULL,
    archivo character varying(100),
    nombre character varying(1000),
    descripcion character varying(2000),
    id_tipo integer NOT NULL,
    estado boolean DEFAULT true NOT NULL,
    "createdAt" timestamp with time zone DEFAULT ('now'::text)::timestamp(6) with time zone NOT NULL,
    "updatedAt" timestamp with time zone DEFAULT ('now'::text)::timestamp(6) with time zone NOT NULL
);


ALTER TABLE public.publi_archivos OWNER TO postgres;

--
-- TOC entry 266 (class 1259 OID 19763)
-- Name: publi_archivos_id_publi_archivo_seq; Type: SEQUENCE; Schema: public; Owner: postgres
--

CREATE SEQUENCE public.publi_archivos_id_publi_archivo_seq
    AS integer
    START WITH 1
    INCREMENT BY 1
    NO MINVALUE
    NO MAXVALUE
    CACHE 1;


ALTER TABLE public.publi_archivos_id_publi_archivo_seq OWNER TO postgres;

--
-- TOC entry 3566 (class 0 OID 0)
-- Dependencies: 266
-- Name: publi_archivos_id_publi_archivo_seq; Type: SEQUENCE OWNED BY; Schema: public; Owner: postgres
--

ALTER SEQUENCE public.publi_archivos_id_publi_archivo_seq OWNED BY public.publi_archivos.id_publi_archivo;


--
-- TOC entry 261 (class 1259 OID 19695)
-- Name: publicaciones; Type: TABLE; Schema: public; Owner: postgres
--

CREATE TABLE public.publicaciones (
    id_publicacion integer NOT NULL,
    id_proyecto integer NOT NULL,
    id_coordinador integer NOT NULL,
    titulo character varying(2000),
    fecha timestamp with time zone DEFAULT ('now'::text)::timestamp(6) with time zone NOT NULL,
    contenido character varying(2000),
    tipo character varying(100),
    estado boolean DEFAULT true NOT NULL,
    "createdAt" timestamp with time zone DEFAULT ('now'::text)::timestamp(6) with time zone NOT NULL,
    "updatedAt" timestamp with time zone DEFAULT ('now'::text)::timestamp(6) with time zone NOT NULL
);


ALTER TABLE public.publicaciones OWNER TO postgres;

--
-- TOC entry 260 (class 1259 OID 19693)
-- Name: publicaciones_id_publicacion_seq; Type: SEQUENCE; Schema: public; Owner: postgres
--

CREATE SEQUENCE public.publicaciones_id_publicacion_seq
    AS integer
    START WITH 1
    INCREMENT BY 1
    NO MINVALUE
    NO MAXVALUE
    CACHE 1;


ALTER TABLE public.publicaciones_id_publicacion_seq OWNER TO postgres;

--
-- TOC entry 3567 (class 0 OID 0)
-- Dependencies: 260
-- Name: publicaciones_id_publicacion_seq; Type: SEQUENCE OWNED BY; Schema: public; Owner: postgres
--

ALTER SEQUENCE public.publicaciones_id_publicacion_seq OWNED BY public.publicaciones.id_publicacion;


--
-- TOC entry 275 (class 1259 OID 19861)
-- Name: segui_archivos; Type: TABLE; Schema: public; Owner: postgres
--

CREATE TABLE public.segui_archivos (
    id_segui_archivo integer NOT NULL,
    id_seguimiento integer NOT NULL,
    archivo character varying(100),
    nombre character varying(1000),
    descripcion character varying(2000),
    id_tipo integer NOT NULL,
    estado boolean DEFAULT true NOT NULL,
    "createdAt" timestamp with time zone DEFAULT ('now'::text)::timestamp(6) with time zone NOT NULL,
    "updatedAt" timestamp with time zone DEFAULT ('now'::text)::timestamp(6) with time zone NOT NULL
);


ALTER TABLE public.segui_archivos OWNER TO postgres;

--
-- TOC entry 274 (class 1259 OID 19859)
-- Name: segui_archivos_id_segui_archivo_seq; Type: SEQUENCE; Schema: public; Owner: postgres
--

CREATE SEQUENCE public.segui_archivos_id_segui_archivo_seq
    AS integer
    START WITH 1
    INCREMENT BY 1
    NO MINVALUE
    NO MAXVALUE
    CACHE 1;


ALTER TABLE public.segui_archivos_id_segui_archivo_seq OWNER TO postgres;

--
-- TOC entry 3568 (class 0 OID 0)
-- Dependencies: 274
-- Name: segui_archivos_id_segui_archivo_seq; Type: SEQUENCE OWNED BY; Schema: public; Owner: postgres
--

ALTER SEQUENCE public.segui_archivos_id_segui_archivo_seq OWNED BY public.segui_archivos.id_segui_archivo;


--
-- TOC entry 273 (class 1259 OID 19837)
-- Name: seguimientos; Type: TABLE; Schema: public; Owner: postgres
--

CREATE TABLE public.seguimientos (
    id_seguimiento integer NOT NULL,
    id_proyecto integer NOT NULL,
    id_director integer NOT NULL,
    tipo character varying(100),
    revision character varying(4000),
    observaciones character varying(5000),
    proceso integer,
    estado boolean DEFAULT true NOT NULL,
    "createdAt" timestamp with time zone DEFAULT ('now'::text)::timestamp(6) with time zone NOT NULL,
    "updatedAt" timestamp with time zone DEFAULT ('now'::text)::timestamp(6) with time zone NOT NULL
);


ALTER TABLE public.seguimientos OWNER TO postgres;

--
-- TOC entry 272 (class 1259 OID 19835)
-- Name: seguimientos_id_seguimiento_seq; Type: SEQUENCE; Schema: public; Owner: postgres
--

CREATE SEQUENCE public.seguimientos_id_seguimiento_seq
    AS integer
    START WITH 1
    INCREMENT BY 1
    NO MINVALUE
    NO MAXVALUE
    CACHE 1;


ALTER TABLE public.seguimientos_id_seguimiento_seq OWNER TO postgres;

--
-- TOC entry 3569 (class 0 OID 0)
-- Dependencies: 272
-- Name: seguimientos_id_seguimiento_seq; Type: SEQUENCE OWNED BY; Schema: public; Owner: postgres
--

ALTER SEQUENCE public.seguimientos_id_seguimiento_seq OWNED BY public.seguimientos.id_seguimiento;


--
-- TOC entry 215 (class 1259 OID 19195)
-- Name: tipos; Type: TABLE; Schema: public; Owner: postgres
--

CREATE TABLE public.tipos (
    id_tipo integer NOT NULL,
    nombre character varying(500) NOT NULL,
    descripcion character varying(2000) NOT NULL,
    estado boolean DEFAULT true NOT NULL,
    "createdAt" timestamp with time zone DEFAULT ('now'::text)::timestamp(6) with time zone NOT NULL,
    "updatedAt" timestamp with time zone DEFAULT ('now'::text)::timestamp(6) with time zone NOT NULL
);


ALTER TABLE public.tipos OWNER TO postgres;

--
-- TOC entry 214 (class 1259 OID 19193)
-- Name: tipos_id_tipo_seq; Type: SEQUENCE; Schema: public; Owner: postgres
--

CREATE SEQUENCE public.tipos_id_tipo_seq
    AS integer
    START WITH 1
    INCREMENT BY 1
    NO MINVALUE
    NO MAXVALUE
    CACHE 1;


ALTER TABLE public.tipos_id_tipo_seq OWNER TO postgres;

--
-- TOC entry 3570 (class 0 OID 0)
-- Dependencies: 214
-- Name: tipos_id_tipo_seq; Type: SEQUENCE OWNED BY; Schema: public; Owner: postgres
--

ALTER SEQUENCE public.tipos_id_tipo_seq OWNED BY public.tipos.id_tipo;


--
-- TOC entry 237 (class 1259 OID 19444)
-- Name: unidades; Type: TABLE; Schema: public; Owner: postgres
--

CREATE TABLE public.unidades (
    id_unidad integer NOT NULL,
    id_proyecto integer NOT NULL,
    nombre character varying(1000),
    observacion character varying(5000),
    estado boolean DEFAULT true NOT NULL,
    "createdAt" timestamp with time zone DEFAULT ('now'::text)::timestamp(6) with time zone NOT NULL,
    "updatedAt" timestamp with time zone DEFAULT ('now'::text)::timestamp(6) with time zone NOT NULL
);


ALTER TABLE public.unidades OWNER TO postgres;

--
-- TOC entry 236 (class 1259 OID 19442)
-- Name: unidades_id_unidad_seq; Type: SEQUENCE; Schema: public; Owner: postgres
--

CREATE SEQUENCE public.unidades_id_unidad_seq
    AS integer
    START WITH 1
    INCREMENT BY 1
    NO MINVALUE
    NO MAXVALUE
    CACHE 1;


ALTER TABLE public.unidades_id_unidad_seq OWNER TO postgres;

--
-- TOC entry 3571 (class 0 OID 0)
-- Dependencies: 236
-- Name: unidades_id_unidad_seq; Type: SEQUENCE OWNED BY; Schema: public; Owner: postgres
--

ALTER SEQUENCE public.unidades_id_unidad_seq OWNED BY public.unidades.id_unidad;


--
-- TOC entry 3043 (class 2604 OID 19147)
-- Name: adm_roles id_rol; Type: DEFAULT; Schema: public; Owner: postgres
--

ALTER TABLE ONLY public.adm_roles ALTER COLUMN id_rol SET DEFAULT nextval('public.adm_roles_id_rol_seq'::regclass);


--
-- TOC entry 3047 (class 2604 OID 19163)
-- Name: adm_usuario_roles id_adm_usuario_rol; Type: DEFAULT; Schema: public; Owner: postgres
--

ALTER TABLE ONLY public.adm_usuario_roles ALTER COLUMN id_adm_usuario_rol SET DEFAULT nextval('public.adm_usuario_roles_id_adm_usuario_rol_seq'::regclass);


--
-- TOC entry 3039 (class 2604 OID 19126)
-- Name: adm_usuarios id_usuario; Type: DEFAULT; Schema: public; Owner: postgres
--

ALTER TABLE ONLY public.adm_usuarios ALTER COLUMN id_usuario SET DEFAULT nextval('public.adm_usuarios_id_usuario_seq'::regclass);


--
-- TOC entry 3165 (class 2604 OID 19747)
-- Name: autores id_autor; Type: DEFAULT; Schema: public; Owner: postgres
--

ALTER TABLE ONLY public.autores ALTER COLUMN id_autor SET DEFAULT nextval('public.autores_id_autor_seq'::regclass);


--
-- TOC entry 3101 (class 2604 OID 19428)
-- Name: basica_tecnicas id_basica_tecnica; Type: DEFAULT; Schema: public; Owner: postgres
--

ALTER TABLE ONLY public.basica_tecnicas ALTER COLUMN id_basica_tecnica SET DEFAULT nextval('public.basica_tecnicas_id_basica_tecnica_seq'::regclass);


--
-- TOC entry 3161 (class 2604 OID 19723)
-- Name: comentarios id_comentario; Type: DEFAULT; Schema: public; Owner: postgres
--

ALTER TABLE ONLY public.comentarios ALTER COLUMN id_comentario SET DEFAULT nextval('public.comentarios_id_comentario_seq'::regclass);


--
-- TOC entry 3097 (class 2604 OID 19404)
-- Name: contra_archivos id_contra_archivo; Type: DEFAULT; Schema: public; Owner: postgres
--

ALTER TABLE ONLY public.contra_archivos ALTER COLUMN id_contra_archivo SET DEFAULT nextval('public.contra_archivos_id_contra_archivo_seq'::regclass);


--
-- TOC entry 3092 (class 2604 OID 19379)
-- Name: contratados id_contratado; Type: DEFAULT; Schema: public; Owner: postgres
--

ALTER TABLE ONLY public.contratados ALTER COLUMN id_contratado SET DEFAULT nextval('public.contratados_id_contratado_seq'::regclass);


--
-- TOC entry 3088 (class 2604 OID 19355)
-- Name: conv_archivos id_conv_archivo; Type: DEFAULT; Schema: public; Owner: postgres
--

ALTER TABLE ONLY public.conv_archivos ALTER COLUMN id_conv_archivo SET DEFAULT nextval('public.conv_archivos_id_conv_archivo_seq'::regclass);


--
-- TOC entry 3083 (class 2604 OID 19330)
-- Name: convenios id_convenio; Type: DEFAULT; Schema: public; Owner: postgres
--

ALTER TABLE ONLY public.convenios ALTER COLUMN id_convenio SET DEFAULT nextval('public.convenios_id_convenio_seq'::regclass);


--
-- TOC entry 3126 (class 2604 OID 19543)
-- Name: curso_archivos id_curso_archivo; Type: DEFAULT; Schema: public; Owner: postgres
--

ALTER TABLE ONLY public.curso_archivos ALTER COLUMN id_curso_archivo SET DEFAULT nextval('public.curso_archivos_id_curso_archivo_seq'::regclass);


--
-- TOC entry 3117 (class 2604 OID 19504)
-- Name: cursos id_curso; Type: DEFAULT; Schema: public; Owner: postgres
--

ALTER TABLE ONLY public.cursos ALTER COLUMN id_curso SET DEFAULT nextval('public.cursos_id_curso_seq'::regclass);


--
-- TOC entry 3135 (class 2604 OID 19587)
-- Name: evento_archivos id_evento_archivos; Type: DEFAULT; Schema: public; Owner: postgres
--

ALTER TABLE ONLY public.evento_archivos ALTER COLUMN id_evento_archivos SET DEFAULT nextval('public.evento_archivos_id_evento_archivos_seq'::regclass);


--
-- TOC entry 3130 (class 2604 OID 19567)
-- Name: eventos id_evento; Type: DEFAULT; Schema: public; Owner: postgres
--

ALTER TABLE ONLY public.eventos ALTER COLUMN id_evento SET DEFAULT nextval('public.eventos_id_evento_seq'::regclass);


--
-- TOC entry 3152 (class 2604 OID 19674)
-- Name: expo_archivos id_expo_archivo; Type: DEFAULT; Schema: public; Owner: postgres
--

ALTER TABLE ONLY public.expo_archivos ALTER COLUMN id_expo_archivo SET DEFAULT nextval('public.expo_archivos_id_expo_archivo_seq'::regclass);


--
-- TOC entry 3147 (class 2604 OID 19654)
-- Name: exposiciones id_exposicion; Type: DEFAULT; Schema: public; Owner: postgres
--

ALTER TABLE ONLY public.exposiciones ALTER COLUMN id_exposicion SET DEFAULT nextval('public.exposiciones_id_exposicion_seq'::regclass);


--
-- TOC entry 3122 (class 2604 OID 19524)
-- Name: expositores id_expositor; Type: DEFAULT; Schema: public; Owner: postgres
--

ALTER TABLE ONLY public.expositores ALTER COLUMN id_expositor SET DEFAULT nextval('public.expositores_id_expositor_seq'::regclass);


--
-- TOC entry 3110 (class 2604 OID 19466)
-- Name: financiamientos id_financiamiento; Type: DEFAULT; Schema: public; Owner: postgres
--

ALTER TABLE ONLY public.financiamientos ALTER COLUMN id_financiamiento SET DEFAULT nextval('public.financiamientos_id_financiamiento_seq'::regclass);


--
-- TOC entry 3026 (class 2604 OID 19080)
-- Name: fotografias id_fotografia; Type: DEFAULT; Schema: public; Owner: postgres
--

ALTER TABLE ONLY public.fotografias ALTER COLUMN id_fotografia SET DEFAULT nextval('public.fotografias_id_fotografia_seq'::regclass);


--
-- TOC entry 3076 (class 2604 OID 19285)
-- Name: inv_proyectos id_inv_proyecto; Type: DEFAULT; Schema: public; Owner: postgres
--

ALTER TABLE ONLY public.inv_proyectos ALTER COLUMN id_inv_proyecto SET DEFAULT nextval('public.inv_proyectos_id_inv_proyecto_seq'::regclass);


--
-- TOC entry 3051 (class 2604 OID 19184)
-- Name: inv_tipos id_inv_tipo; Type: DEFAULT; Schema: public; Owner: postgres
--

ALTER TABLE ONLY public.inv_tipos ALTER COLUMN id_inv_tipo SET DEFAULT nextval('public.inv_tipos_id_inv_tipo_seq'::regclass);


--
-- TOC entry 3059 (class 2604 OID 19212)
-- Name: investigadores id_investigador; Type: DEFAULT; Schema: public; Owner: postgres
--

ALTER TABLE ONLY public.investigadores ALTER COLUMN id_investigador SET DEFAULT nextval('public.investigadores_id_investigador_seq'::regclass);


--
-- TOC entry 3113 (class 2604 OID 19485)
-- Name: lugar_desarrollos id_lugar_desarrollo; Type: DEFAULT; Schema: public; Owner: postgres
--

ALTER TABLE ONLY public.lugar_desarrollos ALTER COLUMN id_lugar_desarrollo SET DEFAULT nextval('public.lugar_desarrollos_id_lugar_desarrollo_seq'::regclass);


--
-- TOC entry 3143 (class 2604 OID 19630)
-- Name: nota_archivos id_nota_archivo; Type: DEFAULT; Schema: public; Owner: postgres
--

ALTER TABLE ONLY public.nota_archivos ALTER COLUMN id_nota_archivo SET DEFAULT nextval('public.nota_archivos_id_nota_archivo_seq'::regclass);


--
-- TOC entry 3139 (class 2604 OID 19611)
-- Name: nota_prensas id_nota_prensa; Type: DEFAULT; Schema: public; Owner: postgres
--

ALTER TABLE ONLY public.nota_prensas ALTER COLUMN id_nota_prensa SET DEFAULT nextval('public.nota_prensas_id_nota_prensa_seq'::regclass);


--
-- TOC entry 3079 (class 2604 OID 19306)
-- Name: permiso_archivos id_permiso_archivo; Type: DEFAULT; Schema: public; Owner: postgres
--

ALTER TABLE ONLY public.permiso_archivos ALTER COLUMN id_permiso_archivo SET DEFAULT nextval('public.permiso_archivos_id_permiso_archivo_seq'::regclass);


--
-- TOC entry 3032 (class 2604 OID 19096)
-- Name: personas id_persona; Type: DEFAULT; Schema: public; Owner: postgres
--

ALTER TABLE ONLY public.personas ALTER COLUMN id_persona SET DEFAULT nextval('public.personas_id_persona_seq'::regclass);


--
-- TOC entry 3177 (class 2604 OID 19816)
-- Name: peti_archivos id_peti_archivo; Type: DEFAULT; Schema: public; Owner: postgres
--

ALTER TABLE ONLY public.peti_archivos ALTER COLUMN id_peti_archivo SET DEFAULT nextval('public.peti_archivos_id_peti_archivo_seq'::regclass);


--
-- TOC entry 3173 (class 2604 OID 19792)
-- Name: peticiones id_peticion; Type: DEFAULT; Schema: public; Owner: postgres
--

ALTER TABLE ONLY public.peticiones ALTER COLUMN id_peticion SET DEFAULT nextval('public.peticiones_id_peticion_seq'::regclass);


--
-- TOC entry 3071 (class 2604 OID 19261)
-- Name: proy_archivos id_proy_archivo; Type: DEFAULT; Schema: public; Owner: postgres
--

ALTER TABLE ONLY public.proy_archivos ALTER COLUMN id_proy_archivo SET DEFAULT nextval('public.proy_archivos_id_proy_archivo_seq'::regclass);


--
-- TOC entry 3063 (class 2604 OID 19233)
-- Name: proyectos id_proyecto; Type: DEFAULT; Schema: public; Owner: postgres
--

ALTER TABLE ONLY public.proyectos ALTER COLUMN id_proyecto SET DEFAULT nextval('public.proyectos_id_proyecto_seq'::regclass);


--
-- TOC entry 3169 (class 2604 OID 19768)
-- Name: publi_archivos id_publi_archivo; Type: DEFAULT; Schema: public; Owner: postgres
--

ALTER TABLE ONLY public.publi_archivos ALTER COLUMN id_publi_archivo SET DEFAULT nextval('public.publi_archivos_id_publi_archivo_seq'::regclass);


--
-- TOC entry 3156 (class 2604 OID 19698)
-- Name: publicaciones id_publicacion; Type: DEFAULT; Schema: public; Owner: postgres
--

ALTER TABLE ONLY public.publicaciones ALTER COLUMN id_publicacion SET DEFAULT nextval('public.publicaciones_id_publicacion_seq'::regclass);


--
-- TOC entry 3185 (class 2604 OID 19864)
-- Name: segui_archivos id_segui_archivo; Type: DEFAULT; Schema: public; Owner: postgres
--

ALTER TABLE ONLY public.segui_archivos ALTER COLUMN id_segui_archivo SET DEFAULT nextval('public.segui_archivos_id_segui_archivo_seq'::regclass);


--
-- TOC entry 3181 (class 2604 OID 19840)
-- Name: seguimientos id_seguimiento; Type: DEFAULT; Schema: public; Owner: postgres
--

ALTER TABLE ONLY public.seguimientos ALTER COLUMN id_seguimiento SET DEFAULT nextval('public.seguimientos_id_seguimiento_seq'::regclass);


--
-- TOC entry 3055 (class 2604 OID 19198)
-- Name: tipos id_tipo; Type: DEFAULT; Schema: public; Owner: postgres
--

ALTER TABLE ONLY public.tipos ALTER COLUMN id_tipo SET DEFAULT nextval('public.tipos_id_tipo_seq'::regclass);


--
-- TOC entry 3105 (class 2604 OID 19447)
-- Name: unidades id_unidad; Type: DEFAULT; Schema: public; Owner: postgres
--

ALTER TABLE ONLY public.unidades ALTER COLUMN id_unidad SET DEFAULT nextval('public.unidades_id_unidad_seq'::regclass);


--
-- TOC entry 3463 (class 0 OID 19144)
-- Dependencies: 209
-- Data for Name: adm_roles; Type: TABLE DATA; Schema: public; Owner: postgres
--

COPY public.adm_roles (id_rol, rol, descripcion, estado, "createdAt", "updatedAt") FROM stdin;
1	admin	Administrador del sistema	t	2020-10-23 13:16:53.813598+00	2020-10-23 13:16:53.813598+00
2	director	Director del instituto de Ecologia	t	2020-10-23 13:16:53.813598+00	2020-10-23 13:16:53.813598+00
3	investigador	Investigador del Instituto de Ecologia	t	2020-10-23 13:16:53.813598+00	2020-10-23 13:16:53.813598+00
\.


--
-- TOC entry 3465 (class 0 OID 19160)
-- Dependencies: 211
-- Data for Name: adm_usuario_roles; Type: TABLE DATA; Schema: public; Owner: postgres
--

COPY public.adm_usuario_roles (id_adm_usuario_rol, id_usuario, id_rol, estado, "createdAt", "updatedAt") FROM stdin;
1	1	1	t	2020-10-23 13:16:53.813598+00	2020-10-23 13:16:53.813598+00
2	2	1	t	2020-10-23 13:32:01.209+00	2020-10-23 13:32:01.209+00
3	2	2	t	2020-10-23 13:32:01.21+00	2020-10-23 13:32:01.21+00
5	3	3	t	2020-10-23 14:07:23.909+00	2020-10-23 14:07:23.909+00
6	4	3	t	2020-10-23 14:08:13.409+00	2020-10-23 14:08:13.409+00
7	5	3	t	2020-10-23 14:09:00.312+00	2020-10-23 14:09:00.312+00
8	6	3	t	2020-10-23 14:10:18.585+00	2020-10-23 14:10:18.585+00
9	7	3	t	2020-10-23 14:11:09.515+00	2020-10-23 14:11:09.515+00
10	8	3	t	2020-10-23 14:12:00.029+00	2020-10-23 14:12:00.029+00
11	9	3	t	2020-10-23 14:14:03.064+00	2020-10-23 14:14:03.064+00
12	10	3	t	2020-10-23 14:18:46.552+00	2020-10-23 14:18:46.552+00
13	11	2	t	2020-10-23 14:19:38.029+00	2020-10-23 14:19:38.029+00
14	11	3	t	2020-10-23 14:19:38.03+00	2020-10-23 14:19:38.03+00
15	12	3	t	2020-10-23 14:20:36.656+00	2020-10-23 14:20:36.656+00
16	13	3	t	2020-10-23 14:21:19.167+00	2020-10-23 14:21:19.167+00
17	14	3	t	2020-10-23 14:22:08.289+00	2020-10-23 14:22:08.289+00
18	15	3	t	2020-10-23 14:23:11.747+00	2020-10-23 14:23:11.747+00
19	16	3	t	2020-10-23 14:24:14.061+00	2020-10-23 14:24:14.061+00
20	17	3	t	2020-10-23 14:25:50.836+00	2020-10-23 14:25:50.836+00
21	18	3	t	2020-10-23 14:26:43.935+00	2020-10-23 14:26:43.935+00
22	19	3	t	2020-10-23 18:39:20.61+00	2020-10-23 18:39:20.61+00
23	20	3	t	2020-10-23 18:40:01.543+00	2020-10-23 18:40:01.543+00
24	21	3	t	2020-10-23 18:44:41.989+00	2020-10-23 18:44:41.989+00
25	22	3	t	2020-10-23 18:45:17.911+00	2020-10-23 18:45:17.911+00
26	23	3	t	2020-10-23 18:49:06.401+00	2020-10-23 18:49:06.401+00
27	24	3	t	2020-10-23 18:49:46.555+00	2020-10-23 18:49:46.555+00
28	25	3	t	2020-10-23 18:50:25.945+00	2020-10-23 18:50:25.945+00
29	26	3	t	2020-10-23 18:50:59.007+00	2020-10-23 18:50:59.007+00
30	27	3	t	2020-10-23 18:51:40.42+00	2020-10-23 18:51:40.42+00
31	28	3	t	2020-10-23 18:52:17.335+00	2020-10-23 18:52:17.335+00
32	29	3	t	2020-10-23 18:52:52.952+00	2020-10-23 18:52:52.952+00
33	30	3	t	2020-10-23 18:53:37.368+00	2020-10-23 18:53:37.368+00
34	31	3	t	2020-10-23 18:54:09.444+00	2020-10-23 18:54:09.444+00
35	32	3	t	2020-10-23 18:54:39.401+00	2020-10-23 18:54:39.401+00
36	33	3	t	2020-10-23 18:55:04.094+00	2020-10-23 18:55:04.094+00
37	34	3	t	2020-10-23 18:55:33.564+00	2020-10-23 18:55:33.564+00
38	35	3	t	2020-10-23 18:56:10.314+00	2020-10-23 18:56:10.314+00
39	36	3	t	2020-10-23 18:56:41.681+00	2020-10-23 18:56:41.681+00
40	37	3	t	2020-10-23 18:57:05.582+00	2020-10-23 18:57:05.582+00
41	38	3	t	2020-10-23 18:57:40.587+00	2020-10-23 18:57:40.587+00
42	39	3	t	2020-10-23 18:58:05.055+00	2020-10-23 18:58:05.055+00
43	40	3	t	2020-10-23 18:58:34.294+00	2020-10-23 18:58:34.294+00
44	41	3	t	2020-10-23 18:59:01.817+00	2020-10-23 18:59:01.817+00
45	42	3	t	2020-10-23 18:59:40.24+00	2020-10-23 18:59:40.24+00
46	43	3	t	2020-10-23 19:00:17.139+00	2020-10-23 19:00:17.139+00
47	44	3	t	2020-10-23 19:00:47.688+00	2020-10-23 19:00:47.688+00
48	45	3	t	2020-10-23 19:01:16.935+00	2020-10-23 19:01:16.935+00
49	46	3	t	2020-10-23 19:01:57.878+00	2020-10-23 19:01:57.878+00
50	47	3	t	2020-10-23 19:02:25.899+00	2020-10-23 19:02:25.899+00
51	48	3	t	2020-10-23 19:03:03.235+00	2020-10-23 19:03:03.235+00
52	49	3	t	2020-10-23 19:03:37.306+00	2020-10-23 19:03:37.306+00
53	50	3	t	2020-10-23 19:05:01.253+00	2020-10-23 19:05:01.253+00
54	51	3	t	2020-10-23 19:05:32.071+00	2020-10-23 19:05:32.071+00
55	52	3	t	2020-10-23 19:05:56.797+00	2020-10-23 19:05:56.797+00
56	53	3	t	2020-10-23 19:06:24.607+00	2020-10-23 19:06:24.607+00
57	54	3	t	2020-10-23 19:07:36.495+00	2020-10-23 19:07:36.495+00
58	55	3	t	2020-10-23 19:08:22.934+00	2020-10-23 19:08:22.934+00
59	56	3	t	2020-10-23 19:08:49.486+00	2020-10-23 19:08:49.486+00
60	57	3	t	2020-10-23 19:11:44.059+00	2020-10-23 19:11:44.059+00
4	2	3	f	2020-10-23 13:32:01.213+00	2020-10-23 19:14:19.415+00
\.


--
-- TOC entry 3461 (class 0 OID 19123)
-- Dependencies: 207
-- Data for Name: adm_usuarios; Type: TABLE DATA; Schema: public; Owner: postgres
--

COPY public.adm_usuarios (id_usuario, id_persona, usuario, password, recordatorio, estado, "resetPasswordToken", "resetPasswordExpires", "createdAt", "updatedAt") FROM stdin;
1	1	admin	$2b$10$WjuICcMcKpWFduvTSwR3suHdQaDQ2GqN2Au.dzr77gQJ/ifcqMSWa	\N	t	\N	\N	2020-10-23 13:16:53.813598+00	2020-10-23 13:16:53.813598+00
2	2	9884972	$2b$10$CDCS3sO/qrGUfKzZ9E92IuTnjkJSRqnisRNobac1ojk.0b6nY821y	\N	t	\N	\N	2020-10-23 13:32:01.124+00	2020-10-23 13:32:01.124+00
3	3	3374109	$2b$10$aSdGOH4JJQ3QGupWGaM66eC1y1DxYswFQi3mHbshiX3JcqOpOhNf.	\N	t	\N	\N	2020-10-23 14:07:23.817+00	2020-10-23 14:07:23.817+00
4	4	333225	$2b$10$NW1CrP.vxn9Co/tbWoBkwu17ClOgLlGKcXYgzxK1OEaHFkFdM8xu.	\N	t	\N	\N	2020-10-23 14:08:13.323+00	2020-10-23 14:08:13.323+00
5	5	221242	$2b$10$GUwcNiiVTjinoytQ4PCgJuHtrhW2MmhU9X78Jwt3R7qhgXb9FDUaW	\N	t	\N	\N	2020-10-23 14:09:00.219+00	2020-10-23 14:09:00.219+00
6	6	3376712	$2b$10$Kp2Faom8KAad7wIlgAC8vuEmsaTaWDOghgOe4D50zp4iuCDfDbF/C	\N	t	\N	\N	2020-10-23 14:10:18.499+00	2020-10-23 14:10:18.499+00
7	7	4746052	$2b$10$TBdutpuNecTHZj.WPg3EjunMkC84FRl3ezDilNva/9PrzJdksE5je	\N	t	\N	\N	2020-10-23 14:11:09.409+00	2020-10-23 14:11:09.409+00
8	8	464519	$2b$10$Z3vMxHjg3wQi/63koKwsWOZHaAxIbCeYLfon1KnBLstyRh/ZtADZu	\N	t	\N	\N	2020-10-23 14:11:59.939+00	2020-10-23 14:11:59.939+00
9	9	1316562	$2b$10$D8FYJiHuC3OZgYLsY7IPPO40vs.C/ynR5ag6iYF41eMI4G/VHI3QW	\N	t	\N	\N	2020-10-23 14:14:02.981+00	2020-10-23 14:14:02.981+00
10	10	4805941	$2b$10$MiNvKsG61tDNx4vdjSRCYOzsmhtG2R8RD/66vMmaeY/CXfqTBVldK	\N	t	\N	\N	2020-10-23 14:18:46.461+00	2020-10-23 14:18:46.461+00
11	11	476807	$2b$10$OJjaTARLU8O9b4lbMCjNmOuxDzE.f3XbZVxsQYHcKRDilYeL0T7e6	\N	t	\N	\N	2020-10-23 14:19:37.939+00	2020-10-23 14:19:37.939+00
12	12	E0024263	$2b$10$9vrirk8/hWMCF.FfHbA5d.B44Ubw4VAmCvnOSNPJezO.uPbnmEvca	\N	t	\N	\N	2020-10-23 14:20:36.565+00	2020-10-23 14:20:36.565+00
13	13	2227535	$2b$10$6QrUGgQdTsKe0SovdUQo2OeHWoQt2VvXT3MfYp3WIqPhw4PL0FZum	\N	t	\N	\N	2020-10-23 14:21:19.081+00	2020-10-23 14:21:19.081+00
14	14	2017842	$2b$10$rpzg9wftyop2y8Hr/9NwK.k/fdjUnYWF4sRuNxLYV3j0qKmsjH0XG	\N	t	\N	\N	2020-10-23 14:22:08.203+00	2020-10-23 14:22:08.203+00
15	15	3368666	$2b$10$hX1Ej/fnw6/sVrYP1QIEhucOvH1OQZQeICVQ1pUGJpyCD18krJ56S	\N	t	\N	\N	2020-10-23 14:23:11.664+00	2020-10-23 14:23:11.664+00
16	16	489921	$2b$10$wqmcXTaXxLrZNOaNtMv9VOn.bOcxjt09bmtUG1Lu2mDQ2tUc0LkMO	\N	t	\N	\N	2020-10-23 14:24:13.98+00	2020-10-23 14:24:13.98+00
17	17	2726683-1J	$2b$10$a39EgjmVzZVvkXu5Tdv3/eXpgBkNcP98nmD/ZyOFC2vSpJ5aSNR.6	\N	t	\N	\N	2020-10-23 14:25:50.752+00	2020-10-23 14:25:50.752+00
18	18	467484	$2b$10$2moicyjpLBxOztpPIuM2xu/eqXGzu2nNQCqNwotMW1k9OHv8tFTDm	\N	t	\N	\N	2020-10-23 14:26:43.849+00	2020-10-23 14:26:43.849+00
19	19	1356193	$2b$10$k0Zf/X3mHvEtUNkDOB49MOX3g5HegeKhhnG/Bow/lmwPGHfegW.ZG	\N	t	\N	\N	2020-10-23 18:39:20.521+00	2020-10-23 18:39:20.521+00
20	20	3820243	$2b$10$3bE8sSCWni.P5jFTaKFGVegu6P2oQJNMhVALDP7pjvmUGyOueLfbK	\N	t	\N	\N	2020-10-23 18:40:01.46+00	2020-10-23 18:40:01.46+00
21	21	9999001	$2b$10$vYz4LQcfG.KjKdk7ZPU0L.3kNlPqVglLwh5Nnk5mzPmD8gfSl6OUK	\N	t	\N	\N	2020-10-23 18:44:41.903+00	2020-10-23 18:44:41.903+00
22	22	9999002	$2b$10$rg26WIZw8DcLU5FOQXrYfuDooMn6YoNAKvXZoWYoazz3NxK7/rtGy	\N	t	\N	\N	2020-10-23 18:45:17.817+00	2020-10-23 18:45:17.817+00
23	23	1282003	$2b$10$VpNP1cO.zuOSwBr5UU3ngOdY68p9eUq8f5SYOYGX.1rt355mR6.9.	\N	t	\N	\N	2020-10-23 18:49:06.308+00	2020-10-23 18:49:06.308+00
24	24	1922004	$2b$10$eFhXUwz6qXi5.6wPyL2SgOoc8Hh6p19GEg.adte0.m.H3z/QuUkfK	\N	t	\N	\N	2020-10-23 18:49:46.471+00	2020-10-23 18:49:46.471+00
25	25	1821005	$2b$10$kKz5Zn4FbI2DnhmmTdU5iuNAF00LMqInR01OLsbhdwi3Z3S9yBN5W	\N	t	\N	\N	2020-10-23 18:50:25.862+00	2020-10-23 18:50:25.862+00
26	26	3381006	$2b$10$aHR6aOyfB1BSKJzLJkaxi.ypm0A3BMqr2Mkgc.hsG2oXbYR2f07LW	\N	t	\N	\N	2020-10-23 18:50:58.922+00	2020-10-23 18:50:58.922+00
27	27	4927007	$2b$10$njn5n3/W2cqotuI01svd5uMDx199u6i90ea93t7898jVY.GdvvzNK	\N	t	\N	\N	2020-10-23 18:51:40.325+00	2020-10-23 18:51:40.325+00
28	28	3822008	$2b$10$Gka2HGRiKcBLVtmIRSuEjOeh/M5tdpDbL.5RDGhHiLAbnihml/46W	\N	t	\N	\N	2020-10-23 18:52:17.25+00	2020-10-23 18:52:17.25+00
29	29	2829009	$2b$10$Zpvp79/feVC44a5TH3JxHuuhez/QEmCibB1SOzIECzNcVfwM0nMU6	\N	t	\N	\N	2020-10-23 18:52:52.864+00	2020-10-23 18:52:52.864+00
30	30	3937010	$2b$10$ufX7pWv03FJkHZAw3o5.feh4e0Rxka8HNZTcQrT3HsU8fZJ8ZzN9q	\N	t	\N	\N	2020-10-23 18:53:37.283+00	2020-10-23 18:53:37.283+00
31	31	1272011	$2b$10$YBVsZh20jwwN9myuO2B7puVzgNwQ9fCbnzaOaplAPweGPyK/Q0s5i	\N	t	\N	\N	2020-10-23 18:54:09.362+00	2020-10-23 18:54:09.362+00
32	32	1482012	$2b$10$u8Szl9ZX.YZpvxozW7DpVev/vpUHQ5ZpIoPin1bwZ1XBpYvMgLdTS	\N	t	\N	\N	2020-10-23 18:54:39.318+00	2020-10-23 18:54:39.318+00
33	33	3937013	$2b$10$K79ZUqsilYVB6KsNZFngU.OnH.oJ.Y9bdkUu9y/Di44.42sNGA6xG	\N	t	\N	\N	2020-10-23 18:55:04.013+00	2020-10-23 18:55:04.013+00
34	34	5927014	$2b$10$B8aupnfIFglDCjIa/OnOg.VcdYnGhfVvRZGblAWug0GKf3NUP/q6O	\N	t	\N	\N	2020-10-23 18:55:33.48+00	2020-10-23 18:55:33.48+00
35	35	4922015	$2b$10$3eBt5McpCL/6J.buPC3BB.V0N48maHACsTZsOr73iYpyNHE/TuoIi	\N	t	\N	\N	2020-10-23 18:56:10.23+00	2020-10-23 18:56:10.23+00
36	36	3212016	$2b$10$b3busJgQ91AsG2SnK9idzebo/zOAUfcGChIMHHnG4tNdcg0Rj3Xoa	\N	t	\N	\N	2020-10-23 18:56:41.598+00	2020-10-23 18:56:41.598+00
37	37	4827017	$2b$10$xjVT4OlhP56aVMImP17Wv.3cIqx95wHImhlQrqSjal/tsqUcpwaaK	\N	t	\N	\N	2020-10-23 18:57:05.499+00	2020-10-23 18:57:05.499+00
38	38	3927018	$2b$10$3prdA1CO4HPSdsl7Ff4vl.FUoN4Kbta8oaFpvNSc5SP9/Kj5x9iwy	\N	t	\N	\N	2020-10-23 18:57:40.493+00	2020-10-23 18:57:40.493+00
39	39	1827019	$2b$10$O6gQ2OXyXnuIrP0Ph8lzvepXQDfRZmj5Uo6DOCCCrpfosMwneyWc2	\N	t	\N	\N	2020-10-23 18:58:04.972+00	2020-10-23 18:58:04.972+00
40	40	2937020	$2b$10$z5folC61BCZrNsf7wYxsg.sKV7iZsTeWUyD8Y/QLJqNvr0qk.CiR2	\N	t	\N	\N	2020-10-23 18:58:34.198+00	2020-10-23 18:58:34.198+00
41	41	3928021	$2b$10$sbJc4ZMjLjYEAsTGJ7rkx.I5sCpkZ.btvSg9jczXVXU2deiptonJy	\N	t	\N	\N	2020-10-23 18:59:01.734+00	2020-10-23 18:59:01.734+00
42	42	3972022	$2b$10$a96KolM9lvMjG5NXsdg2Ue67//xsfbkcRHem1DTajCo.CZXcQryUa	\N	t	\N	\N	2020-10-23 18:59:40.158+00	2020-10-23 18:59:40.158+00
43	43	1827023	$2b$10$uWsLoVSSxMT.TXGKVg./DeiEtKwlwVa0vqjmrRS36FlIsNXvwDW22	\N	t	\N	\N	2020-10-23 19:00:17.055+00	2020-10-23 19:00:17.055+00
44	44	3927024	$2b$10$j/cbyUz3Cmjrg/PXyxWscORA58ciFTja24H9qvd55L813YM./0nnO	\N	t	\N	\N	2020-10-23 19:00:47.606+00	2020-10-23 19:00:47.606+00
45	45	4827025	$2b$10$KWoavsZdBlcSEdy9Sgz1iuwVssenvKwjcbfEvUnN52NocFtSUWYJS	\N	t	\N	\N	2020-10-23 19:01:16.846+00	2020-10-23 19:01:16.846+00
46	46	3927026	$2b$10$v15sHjJtn2AxJb5gYR2M7eQW/DSlzq7bAvOZoJWXq5o4SZ7Yx7b6S	\N	t	\N	\N	2020-10-23 19:01:57.795+00	2020-10-23 19:01:57.795+00
47	47	4928027	$2b$10$uPeUKeqDcH.UwZcBe3pyceDnWX3mIe7WzpL8.41l4Pxn8DX1HGAmm	\N	t	\N	\N	2020-10-23 19:02:25.813+00	2020-10-23 19:02:25.813+00
48	48	5827028	$2b$10$y7qxPGYgq5FOKHxHV9oi/uIAuMbpU.QZf4WB.0K9glFVXDwz60rDW	\N	t	\N	\N	2020-10-23 19:03:03.152+00	2020-10-23 19:03:03.152+00
49	49	5820029	$2b$10$Dws.Ne5nvY5l7sjQNBw5Q.2tYnFv28CIsKCLZNEiSRFVLEyl4zvAa	\N	t	\N	\N	2020-10-23 19:03:37.223+00	2020-10-23 19:03:37.223+00
50	50	4820030	$2b$10$9FkT6yQCDPfXfUMOXzsxbOzcoruUomwV4rHskFlM2reHu5kSMctYa	\N	t	\N	\N	2020-10-23 19:05:01.166+00	2020-10-23 19:05:01.166+00
51	51	5027031	$2b$10$m64eGH8MG.pSt/tIaTzW7eXcg6kvwJipXHVIvgHhc806Ci3ZM1a7q	\N	t	\N	\N	2020-10-23 19:05:31.987+00	2020-10-23 19:05:31.987+00
52	52	4927033	$2b$10$vCyibm9Ijdo8un0qHukL/.b2UIRhvpFZMGGnElLh.Jf5b9LuMKNtu	\N	t	\N	\N	2020-10-23 19:05:56.714+00	2020-10-23 19:05:56.714+00
53	53	1828034	$2b$10$DSOCS6y2DwoHzKRD5hQl8unZl2SbYGKYhMpS/AmPRkK5MUhYFlQJG	\N	t	\N	\N	2020-10-23 19:06:24.523+00	2020-10-23 19:06:24.523+00
54	54	5820035	$2b$10$K2MrPhPWHQ8VW/9aBPip4uy10Du.k9JPSKghtco.tIhqx/94D7zr2	\N	t	\N	\N	2020-10-23 19:07:36.411+00	2020-10-23 19:07:36.411+00
55	55	1827036	$2b$10$I47.ky4PVifXRbATxZo6bO3BGxx41xSK9lyiQ.OcnAMyjb6c2wFVq	\N	t	\N	\N	2020-10-23 19:08:22.851+00	2020-10-23 19:08:22.851+00
56	56	6826037	$2b$10$5xCB0pSYYK9KOJ7M2HlgremeUxLub7uBHqpITbcKHmSLdSxxmKGTi	\N	t	\N	\N	2020-10-23 19:08:49.402+00	2020-10-23 19:08:49.402+00
57	57	8928038	$2b$10$fs07ZBGepqnmOHJNJwjxFe/lUCDUQPHLgCotVv6EHnIvdBuFIfRB6	\N	t	\N	\N	2020-10-23 19:11:43.966+00	2020-10-23 19:11:43.966+00
\.


--
-- TOC entry 3519 (class 0 OID 19744)
-- Dependencies: 265
-- Data for Name: autores; Type: TABLE DATA; Schema: public; Owner: postgres
--

COPY public.autores (id_autor, id_investigador, id_publicacion, estado, "createdAt", "updatedAt") FROM stdin;
1	6	1	t	2020-10-23 20:12:49.399+00	2020-10-23 20:12:49.399+00
2	6	2	t	2020-10-23 20:21:18.624+00	2020-10-23 20:21:18.624+00
3	2	3	t	2020-10-23 20:28:53.255+00	2020-10-23 20:28:53.255+00
4	5	4	t	2020-10-23 20:37:20.795+00	2020-10-23 20:37:20.795+00
5	12	5	t	2020-10-23 20:50:27.265+00	2020-10-23 20:50:27.265+00
6	16	5	t	2020-10-23 20:50:27.273+00	2020-10-23 20:50:27.273+00
7	10	6	t	2020-10-23 21:00:12.044+00	2020-10-23 21:00:12.044+00
\.


--
-- TOC entry 3489 (class 0 OID 19425)
-- Dependencies: 235
-- Data for Name: basica_tecnicas; Type: TABLE DATA; Schema: public; Owner: postgres
--

COPY public.basica_tecnicas (id_basica_tecnica, id_proyecto, tipo, area, tipo_p, carga_h, estado, "createdAt", "updatedAt") FROM stdin;
\.


--
-- TOC entry 3517 (class 0 OID 19720)
-- Dependencies: 263
-- Data for Name: comentarios; Type: TABLE DATA; Schema: public; Owner: postgres
--

COPY public.comentarios (id_comentario, id_persona, id_publicacion, comentario, estado, "createdAt", "updatedAt") FROM stdin;
\.


--
-- TOC entry 3487 (class 0 OID 19401)
-- Dependencies: 233
-- Data for Name: contra_archivos; Type: TABLE DATA; Schema: public; Owner: postgres
--

COPY public.contra_archivos (id_contra_archivo, id_contratado, archivo, nombre, descripcion, id_tipo, estado, "createdAt", "updatedAt") FROM stdin;
\.


--
-- TOC entry 3485 (class 0 OID 19376)
-- Dependencies: 231
-- Data for Name: contratados; Type: TABLE DATA; Schema: public; Owner: postgres
--

COPY public.contratados (id_contratado, id_proyecto, archivo, nombre_archivo, descripcion_archivo, id_tipo, tipo, nombrecompleto, ci, fechaini, fechafin, descripcion, estado, "createdAt", "updatedAt") FROM stdin;
\.


--
-- TOC entry 3483 (class 0 OID 19352)
-- Dependencies: 229
-- Data for Name: conv_archivos; Type: TABLE DATA; Schema: public; Owner: postgres
--

COPY public.conv_archivos (id_conv_archivo, id_convenio, archivo, nombre, descripcion, id_tipo, tipo, estado, "createdAt", "updatedAt") FROM stdin;
\.


--
-- TOC entry 3481 (class 0 OID 19327)
-- Dependencies: 227
-- Data for Name: convenios; Type: TABLE DATA; Schema: public; Owner: postgres
--

COPY public.convenios (id_convenio, id_proyecto, archivo, nombre_archivo, descripcion_archivo, id_tipo, tipo, titulo, objetivo, fechaini, fechafin, descripcion, estado, "createdAt", "updatedAt") FROM stdin;
\.


--
-- TOC entry 3501 (class 0 OID 19540)
-- Dependencies: 247
-- Data for Name: curso_archivos; Type: TABLE DATA; Schema: public; Owner: postgres
--

COPY public.curso_archivos (id_curso_archivo, id_curso, archivo, nombre, descripcion, id_tipo, estado, "createdAt", "updatedAt") FROM stdin;
\.


--
-- TOC entry 3497 (class 0 OID 19501)
-- Dependencies: 243
-- Data for Name: cursos; Type: TABLE DATA; Schema: public; Owner: postgres
--

COPY public.cursos (id_curso, id_proyecto, titulo, objetivo, lugar, resumen, asistentes, fechaini, fechafin, horas, estado, "createdAt", "updatedAt") FROM stdin;
\.


--
-- TOC entry 3505 (class 0 OID 19584)
-- Dependencies: 251
-- Data for Name: evento_archivos; Type: TABLE DATA; Schema: public; Owner: postgres
--

COPY public.evento_archivos (id_evento_archivos, id_evento, archivo, nombre, descripcion, id_tipo, estado, "createdAt", "updatedAt") FROM stdin;
\.


--
-- TOC entry 3503 (class 0 OID 19564)
-- Dependencies: 249
-- Data for Name: eventos; Type: TABLE DATA; Schema: public; Owner: postgres
--

COPY public.eventos (id_evento, id_proyecto, titulo, objetivo, lugar, fechaini, fechafin, resumen, estado, "createdAt", "updatedAt") FROM stdin;
\.


--
-- TOC entry 3513 (class 0 OID 19671)
-- Dependencies: 259
-- Data for Name: expo_archivos; Type: TABLE DATA; Schema: public; Owner: postgres
--

COPY public.expo_archivos (id_expo_archivo, id_exposicion, archivo, nombre, descripcion, id_tipo, estado, "createdAt", "updatedAt") FROM stdin;
\.


--
-- TOC entry 3511 (class 0 OID 19651)
-- Dependencies: 257
-- Data for Name: exposiciones; Type: TABLE DATA; Schema: public; Owner: postgres
--

COPY public.exposiciones (id_exposicion, id_proyecto, titulo, tema, objetivo, lugar, asistentes, fechaini, fechafin, resumen, estado, "createdAt", "updatedAt") FROM stdin;
\.


--
-- TOC entry 3499 (class 0 OID 19521)
-- Dependencies: 245
-- Data for Name: expositores; Type: TABLE DATA; Schema: public; Owner: postgres
--

COPY public.expositores (id_expositor, id_curso, nombres, apellidos, estado, "createdAt", "updatedAt") FROM stdin;
\.


--
-- TOC entry 3493 (class 0 OID 19463)
-- Dependencies: 239
-- Data for Name: financiamientos; Type: TABLE DATA; Schema: public; Owner: postgres
--

COPY public.financiamientos (id_financiamiento, id_proyecto, fuente, aporte, observacion, estado, "createdAt", "updatedAt") FROM stdin;
\.


--
-- TOC entry 3457 (class 0 OID 19077)
-- Dependencies: 203
-- Data for Name: fotografias; Type: TABLE DATA; Schema: public; Owner: postgres
--

COPY public.fotografias (id_fotografia, imagen, descripcion, numero, estado, tipo, "createdAt", "updatedAt") FROM stdin;
2	logo-pdf.jpg	Archivo PDF por default	0	t	imagen	2020-10-23 13:23:56.99004+00	2020-10-23 13:23:56.99004+00
3	pWY0LZa7CcyEtAdnN6u0TU24.jpg	Fotografia de Boris Vargas	1	t	foto	2020-10-23 14:27:53.887+00	2020-10-23 14:27:53.947+00
1	photo_default.png	Fotografia por default	0	f	foto	2020-10-23 13:16:53.813598+00	2020-10-23 14:27:54.261+00
4	H5DK77geluxQpOsynNwk5Ypg.jpg	Fotografia de Mnica Graciela Moraes	1	t	foto	2020-10-23 21:03:30.679+00	2020-10-23 21:03:30.717+00
5	-bKTzUw4En_3i0syFPOmbubh.jpeg	Fotografia de Luis lvaro Garitano-Zavala	1	t	foto	2020-10-23 21:05:27.294+00	2020-10-23 21:05:27.326+00
6	x8h6PMscLvGKKabSFP0BlAK7.jpeg	Fotografia de Daro Ach	1	t	foto	2020-10-23 21:07:12.681+00	2020-10-23 21:07:12.709+00
\.


--
-- TOC entry 3477 (class 0 OID 19282)
-- Dependencies: 223
-- Data for Name: inv_proyectos; Type: TABLE DATA; Schema: public; Owner: postgres
--

COPY public.inv_proyectos (id_inv_proyecto, id_proyecto, id_investigador, estado, "createdAt", "updatedAt") FROM stdin;
1	1	20	t	2020-10-23 19:31:09.537+00	2020-10-23 19:31:09.537+00
2	1	21	t	2020-10-23 19:31:09.537+00	2020-10-23 19:31:09.537+00
3	2	22	t	2020-10-23 20:23:59.188+00	2020-10-23 20:23:59.188+00
4	2	23	t	2020-10-23 20:23:59.189+00	2020-10-23 20:23:59.189+00
5	2	9	t	2020-10-23 20:23:59.194+00	2020-10-23 20:23:59.194+00
6	2	24	t	2020-10-23 20:23:59.201+00	2020-10-23 20:23:59.201+00
7	3	25	t	2020-10-23 20:32:26.533+00	2020-10-23 20:32:26.533+00
8	4	12	t	2020-10-23 20:44:43.421+00	2020-10-23 20:44:43.421+00
9	4	27	t	2020-10-23 20:44:43.421+00	2020-10-23 20:44:43.421+00
10	4	26	t	2020-10-23 20:44:43.427+00	2020-10-23 20:44:43.427+00
11	4	28	t	2020-10-23 20:44:43.422+00	2020-10-23 20:44:43.422+00
12	5	29	t	2020-10-23 20:53:55.627+00	2020-10-23 20:53:55.627+00
13	5	30	t	2020-10-23 20:53:55.628+00	2020-10-23 20:53:55.628+00
\.


--
-- TOC entry 3467 (class 0 OID 19181)
-- Dependencies: 213
-- Data for Name: inv_tipos; Type: TABLE DATA; Schema: public; Owner: postgres
--

COPY public.inv_tipos (id_inv_tipo, tipo, descripcion, estado, "createdAt", "updatedAt") FROM stdin;
1	Titular	Trabaja con proyectos	t	2020-10-23 13:16:53.813598+00	2020-10-23 13:16:53.813598+00
2	Asociado con proyecto	Tiene un proyecto asociado	t	2020-10-23 13:16:53.813598+00	2020-10-23 13:16:53.813598+00
3	Asociado por invitacin	Invitado por la UMSA, por tiempo determinado	t	2020-10-23 13:16:53.813598+00	2020-10-23 13:16:53.813598+00
\.


--
-- TOC entry 3471 (class 0 OID 19209)
-- Dependencies: 217
-- Data for Name: investigadores; Type: TABLE DATA; Schema: public; Owner: postgres
--

COPY public.investigadores (id_investigador, id_persona, id_inv_tipo, estado, "createdAt", "updatedAt") FROM stdin;
1	2	3	t	2020-10-23 13:32:01.217+00	2020-10-23 13:32:01.217+00
2	3	1	t	2020-10-23 14:07:23.905+00	2020-10-23 14:07:23.905+00
3	4	1	t	2020-10-23 14:08:13.407+00	2020-10-23 14:08:13.407+00
4	5	1	t	2020-10-23 14:09:00.31+00	2020-10-23 14:09:00.31+00
5	6	1	t	2020-10-23 14:10:18.584+00	2020-10-23 14:10:18.584+00
6	7	1	t	2020-10-23 14:11:09.51+00	2020-10-23 14:11:09.51+00
7	8	1	t	2020-10-23 14:12:00.026+00	2020-10-23 14:12:00.026+00
8	9	1	t	2020-10-23 14:14:03.063+00	2020-10-23 14:14:03.063+00
9	10	1	t	2020-10-23 14:18:46.55+00	2020-10-23 14:18:46.55+00
10	11	1	t	2020-10-23 14:19:38.03+00	2020-10-23 14:19:38.03+00
11	12	1	t	2020-10-23 14:20:36.656+00	2020-10-23 14:20:36.656+00
12	13	1	t	2020-10-23 14:21:19.165+00	2020-10-23 14:21:19.165+00
13	14	1	t	2020-10-23 14:22:08.287+00	2020-10-23 14:22:08.287+00
14	15	1	t	2020-10-23 14:23:11.745+00	2020-10-23 14:23:11.745+00
15	16	1	t	2020-10-23 14:24:14.06+00	2020-10-23 14:24:14.06+00
16	17	1	t	2020-10-23 14:25:50.835+00	2020-10-23 14:25:50.835+00
17	18	2	t	2020-10-23 14:26:43.933+00	2020-10-23 14:26:43.933+00
18	19	2	t	2020-10-23 18:39:20.609+00	2020-10-23 18:39:20.609+00
19	20	3	t	2020-10-23 18:40:01.542+00	2020-10-23 18:40:01.542+00
20	21	3	t	2020-10-23 18:44:41.988+00	2020-10-23 18:44:41.988+00
21	22	3	t	2020-10-23 18:45:17.91+00	2020-10-23 18:45:17.91+00
22	23	2	t	2020-10-23 18:49:06.398+00	2020-10-23 18:49:06.398+00
23	24	3	t	2020-10-23 18:49:46.554+00	2020-10-23 18:49:46.554+00
24	25	3	t	2020-10-23 18:50:25.945+00	2020-10-23 18:50:25.945+00
25	26	3	t	2020-10-23 18:50:59.006+00	2020-10-23 18:50:59.006+00
26	27	3	t	2020-10-23 18:51:40.418+00	2020-10-23 18:51:40.418+00
27	28	3	t	2020-10-23 18:52:17.335+00	2020-10-23 18:52:17.335+00
28	29	3	t	2020-10-23 18:52:52.951+00	2020-10-23 18:52:52.951+00
29	30	3	t	2020-10-23 18:53:37.367+00	2020-10-23 18:53:37.367+00
30	31	3	t	2020-10-23 18:54:09.443+00	2020-10-23 18:54:09.443+00
31	32	3	t	2020-10-23 18:54:39.4+00	2020-10-23 18:54:39.4+00
32	33	3	t	2020-10-23 18:55:04.093+00	2020-10-23 18:55:04.093+00
33	34	3	t	2020-10-23 18:55:33.562+00	2020-10-23 18:55:33.562+00
34	35	3	t	2020-10-23 18:56:10.313+00	2020-10-23 18:56:10.313+00
35	36	2	t	2020-10-23 18:56:41.68+00	2020-10-23 18:56:41.68+00
36	37	3	t	2020-10-23 18:57:05.581+00	2020-10-23 18:57:05.581+00
37	38	3	t	2020-10-23 18:57:40.586+00	2020-10-23 18:57:40.586+00
38	39	3	t	2020-10-23 18:58:05.055+00	2020-10-23 18:58:05.055+00
39	40	3	t	2020-10-23 18:58:34.289+00	2020-10-23 18:58:34.289+00
40	41	3	t	2020-10-23 18:59:01.816+00	2020-10-23 18:59:01.816+00
41	42	3	t	2020-10-23 18:59:40.238+00	2020-10-23 18:59:40.238+00
42	43	3	t	2020-10-23 19:00:17.136+00	2020-10-23 19:00:17.136+00
43	44	3	t	2020-10-23 19:00:47.687+00	2020-10-23 19:00:47.687+00
44	45	3	t	2020-10-23 19:01:16.931+00	2020-10-23 19:01:16.931+00
45	46	3	t	2020-10-23 19:01:57.876+00	2020-10-23 19:01:57.876+00
46	47	2	t	2020-10-23 19:02:25.897+00	2020-10-23 19:02:25.897+00
47	48	3	t	2020-10-23 19:03:03.235+00	2020-10-23 19:03:03.235+00
48	49	1	t	2020-10-23 19:03:37.305+00	2020-10-23 19:03:37.305+00
49	50	3	t	2020-10-23 19:05:01.252+00	2020-10-23 19:05:01.252+00
50	51	3	t	2020-10-23 19:05:32.069+00	2020-10-23 19:05:32.069+00
51	52	3	t	2020-10-23 19:05:56.797+00	2020-10-23 19:05:56.797+00
52	53	3	t	2020-10-23 19:06:24.605+00	2020-10-23 19:06:24.605+00
53	54	3	t	2020-10-23 19:07:36.495+00	2020-10-23 19:07:36.495+00
54	55	3	t	2020-10-23 19:08:22.931+00	2020-10-23 19:08:22.931+00
55	56	3	t	2020-10-23 19:08:49.486+00	2020-10-23 19:08:49.486+00
56	57	3	t	2020-10-23 19:11:44.058+00	2020-10-23 19:11:44.058+00
\.


--
-- TOC entry 3495 (class 0 OID 19482)
-- Dependencies: 241
-- Data for Name: lugar_desarrollos; Type: TABLE DATA; Schema: public; Owner: postgres
--

COPY public.lugar_desarrollos (id_lugar_desarrollo, id_proyecto, departamento, provincia, municipio, localidad, latmax, lonmax, latmin, lonmin, estado, "createdAt", "updatedAt") FROM stdin;
\.


--
-- TOC entry 3509 (class 0 OID 19627)
-- Dependencies: 255
-- Data for Name: nota_archivos; Type: TABLE DATA; Schema: public; Owner: postgres
--

COPY public.nota_archivos (id_nota_archivo, id_nota_prensa, archivo, nombre, descripcion, id_tipo, estado, "createdAt", "updatedAt") FROM stdin;
\.


--
-- TOC entry 3507 (class 0 OID 19608)
-- Dependencies: 253
-- Data for Name: nota_prensas; Type: TABLE DATA; Schema: public; Owner: postgres
--

COPY public.nota_prensas (id_nota_prensa, id_proyecto, titulo, objetivo, lugar, prensa, fecha, resumen, estado, "createdAt", "updatedAt") FROM stdin;
\.


--
-- TOC entry 3479 (class 0 OID 19303)
-- Dependencies: 225
-- Data for Name: permiso_archivos; Type: TABLE DATA; Schema: public; Owner: postgres
--

COPY public.permiso_archivos (id_permiso_archivo, id_proyecto, tipo, archivo, nombre, descripcion, id_tipo, estado, "createdAt", "updatedAt") FROM stdin;
1	1	solicitud	kysS55m9gccjtl3zBEwEfmwq.pdf	SolicitudRefrendarResolucionBiologia	solicitud a Biologia	5	t	2020-10-23 20:07:22.266+00	2020-10-23 20:07:22.331+00
2	1	otorgacion	WSzDZx9oAbxPbICjtGTi7GDZ.pdf	AprobacionRefrendarResolucionBiologia	otorgacion Biologia	5	t	2020-10-23 20:08:32.865+00	2020-10-23 20:08:32.92+00
3	3	solicitud	l4XI2cfrp-pU0sdKryRwijKX.pdf	Solicitud Subvension	resumen de solicitud subvension	7	t	2020-10-23 20:38:57.424+00	2020-10-23 20:38:57.481+00
\.


--
-- TOC entry 3459 (class 0 OID 19093)
-- Dependencies: 205
-- Data for Name: personas; Type: TABLE DATA; Schema: public; Owner: postgres
--

COPY public.personas (id_persona, id_fotografia, paterno, materno, nombres, ci, sexo, estado_civil, url, fec_nacimiento, ciudad, provincia, pais, direccion1, direccion2, correo, telefono, celular, lenguaje, grado_academico, formacion_pro, formacion_adi, habilidades, conclusion, tema, color, estado, "createdAt", "updatedAt") FROM stdin;
1	1	administrador	\N	usuario	00000000	\N	\N	\N	\N	\N	\N	\N	\N	\N	institutoecologiaumsa@gmail.com	\N	\N	\N	Lic.	\N	\N	\N	\N		theme-cyan	t	2020-10-23 13:16:53.813598+00	2020-10-23 13:16:53.813598+00
4	1	Amurrio	Ordoez	Patricia Janneth	333225	\N	\N	\N	\N	\N	\N	\N	\N	\N	pamurrio@fcpn.edu.bo	\N	\N	\N	Lic.	\N	\N	\N	\N		theme-cyan	t	2020-10-23 14:08:13.296+00	2020-10-23 14:08:13.296+00
5	1	Garca	Estigarribia	Emilia	221242	\N	\N	\N	\N	\N	\N	\N	\N	\N	egarciae@fcpn.edu.bo	\N	\N	\N	Lic.	\N	\N	\N	\N		theme-cyan	t	2020-10-23 14:09:00.189+00	2020-10-23 14:09:00.189+00
7	1	Maldonado	Goyzueta	Carla Brenda	4746052	\N	\N	\N	\N	\N	\N	\N	\N	\N	cmaldonado@fcpn.edu.bo	\N	\N	\N	Ph. D.	\N	\N	\N	\N		theme-cyan	t	2020-10-23 14:11:09.377+00	2020-10-23 14:11:09.377+00
8	1	Marn	Pantoja	Rubn Reynaldo	464519	\N	\N	\N	\N	\N	\N	\N	\N	\N	rmarin@fcpn.edu.bo	\N	\N	\N	Lic.	\N	\N	\N	\N		theme-cyan	t	2020-10-23 14:11:59.911+00	2020-10-23 14:11:59.911+00
9	1	Miranda	Torrez	Guillermina	1316562	\N	\N	\N	\N	\N	\N	\N	\N	\N	gmiranda@umsa.bo	\N	\N	\N	M. Sc.	\N	\N	\N	\N		theme-cyan	t	2020-10-23 14:14:02.946+00	2020-10-23 14:14:02.946+00
10	1	Molina	Arzabe	Carlos Israel	4805941	\N	\N	\N	\N	\N	\N	\N	\N	\N	cmolinaa@fcpn.edu.bo	\N	\N	\N	D. Sc.	\N	\N	\N	\N		theme-cyan	t	2020-10-23 14:18:46.433+00	2020-10-23 14:18:46.433+00
12	1	Naoki		Kzuya	E0024263	\N	\N	\N	\N	\N	\N	\N	\N	\N	knaoki@fcpn.edu.bo	\N	\N	\N	Ph. D.	\N	\N	\N	\N		theme-cyan	t	2020-10-23 14:20:36.537+00	2020-10-23 14:20:36.537+00
13	1	Osorio	Zamora	Francisco Gerardo	2227535	\N	\N	\N	\N	\N	\N	\N	\N	\N	fosorio@fcpn.edu.bo	\N	\N	\N	M. Sc.	\N	\N	\N	\N		theme-cyan	t	2020-10-23 14:21:19.047+00	2020-10-23 14:21:19.047+00
14	1	Pacheco	Acosta	Luis Fernando	2017842	\N	\N	\N	\N	\N	\N	\N	\N	\N	lpacheco@fcpn.edu.bo	\N	\N	\N	D. Sc.	\N	\N	\N	\N		theme-cyan	t	2020-10-23 14:22:08.173+00	2020-10-23 14:22:08.173+00
15	1	Prez	Bjar	Mara Esther	3368666	\N	\N	\N	\N	\N	\N	\N	\N	\N	eperez@fcpn.edu.bo	\N	\N	\N	Lic.	\N	\N	\N	\N		theme-cyan	t	2020-10-23 14:23:11.632+00	2020-10-23 14:23:11.632+00
16	1	Pinto	Mendieta	Julio Jorge	489921	\N	\N	\N	\N	\N	\N	\N	\N	\N	jpinto@fcpn.edu.bo	\N	\N	\N	M. Sc.	\N	\N	\N	\N		theme-cyan	t	2020-10-23 14:24:13.953+00	2020-10-23 14:24:13.953+00
17	1	Rico	Adriana	Cernohorska	2726683-1J	\N	\N	\N	\N	\N	\N	\N	\N	\N	arico@fcpn.edu.bo	\N	\N	\N	Ph. D.	\N	\N	\N	\N		theme-cyan	t	2020-10-23 14:25:50.72+00	2020-10-23 14:25:50.72+00
18	1	Valenzuela	Celis	Julieta Esther	467484	\N	\N	\N	\N	\N	\N	\N	\N	\N	evalenzuela@fcpn.edu.bo	\N	\N	\N	Lic.	\N	\N	\N	\N		theme-cyan	t	2020-10-23 14:26:43.822+00	2020-10-23 14:26:43.822+00
2	3	Vargas	Paucara	Boris	9884972	\N	\N	\N	\N	\N	\N	\N	\N	\N	borisvargaspaucara@gmail.com	\N	\N	\N	Lic.	\N	\N	\N	\N		theme-cyan	t	2020-10-23 13:32:01.048+00	2020-10-23 14:27:54.289+00
19	1	Lopez	Calderon	Ramiro	1356193	\N	\N	\N	\N	\N	\N	\N	\N	\N	rlopez@fcpn.edu.bo	\N	\N	\N	Ph. D.	\N	\N	\N	\N		theme-cyan	t	2020-10-23 18:39:20.484+00	2020-10-23 18:39:20.484+00
20	1	Saavedra	Agramont	Francisco	3820243	\N	\N	\N	\N	\N	\N	\N	\N	\N	fsaavedra@fcpn.edu.bo	\N	\N	\N	Ph. D.	\N	\N	\N	\N		theme-cyan	t	2020-10-23 18:40:01.428+00	2020-10-23 18:40:01.428+00
21	1	Tognelli		Marcelo	9999001	\N	\N	\N	\N	\N	\N	\N	\N	\N	001@fcpn.edu.bo	\N	\N	\N	Ph. D.	\N	\N	\N	\N		theme-cyan	t	2020-10-23 18:44:41.878+00	2020-10-23 18:44:41.878+00
22	1	Arellano		Stephanie	9999002	\N	\N	\N	\N	\N	\N	\N	\N	\N	002@fcpn.edu.bo	\N	\N	\N	Ph. D.	\N	\N	\N	\N		theme-cyan	t	2020-10-23 18:45:17.784+00	2020-10-23 18:45:17.784+00
23	1	Lazzaro		Xavier	1282003	\N	\N	\N	\N	\N	\N	\N	\N	\N	003@fcpn.edu.bo	\N	\N	\N	Ph. D.	\N	\N	\N	\N		theme-cyan	t	2020-10-23 18:49:06.28+00	2020-10-23 18:49:06.28+00
24	1	Quezada		Jorge	1922004	\N	\N	\N	\N	\N	\N	\N	\N	\N	004@fcpn.edu.bo	\N	\N	\N	Lic.	\N	\N	\N	\N		theme-cyan	t	2020-10-23 18:49:46.446+00	2020-10-23 18:49:46.446+00
25	1	Morales	B.	Isabel	1821005	\N	\N	\N	\N	\N	\N	\N	\N	\N	005@fcpn.edu.bo	\N	\N	\N	Ph. D.	\N	\N	\N	\N		theme-cyan	t	2020-10-23 18:50:25.835+00	2020-10-23 18:50:25.835+00
26	1	Ginart		Daniel	3381006	\N	\N	\N	\N	\N	\N	\N	\N	\N	006@fcpn.edu.bo	\N	\N	\N	Ph. D.	\N	\N	\N	\N		theme-cyan	t	2020-10-23 18:50:58.896+00	2020-10-23 18:50:58.896+00
27	1	Moya	D.	M. Isabel	4927007	\N	\N	\N	\N	\N	\N	\N	\N	\N	007@fcpn.edu.bo	\N	\N	\N	M. Sc.	\N	\N	\N	\N		theme-cyan	t	2020-10-23 18:51:40.302+00	2020-10-23 18:51:40.302+00
28	1	Roldan		Alejandra	3822008	\N	\N	\N	\N	\N	\N	\N	\N	\N	008@fcpn.edu.bo	\N	\N	\N	M. Sc.	\N	\N	\N	\N		theme-cyan	t	2020-10-23 18:52:17.225+00	2020-10-23 18:52:17.225+00
29	1	Lopez		Heidy	2829009	\N	\N	\N	\N	\N	\N	\N	\N	\N	009@fcpn.edu.bo	\N	\N	\N	Lic.	\N	\N	\N	\N		theme-cyan	t	2020-10-23 18:52:52.841+00	2020-10-23 18:52:52.841+00
30	1	Zenteno		Freddy	3937010	\N	\N	\N	\N	\N	\N	\N	\N	\N	010@fcpn.edu.bo	\N	\N	\N	Lic.	\N	\N	\N	\N		theme-cyan	t	2020-10-23 18:53:37.257+00	2020-10-23 18:53:37.257+00
31	1	Gallegos		Silvia	1272011	\N	\N	\N	\N	\N	\N	\N	\N	\N	011@fcpn.edu.bo	\N	\N	\N	Ph. D.	\N	\N	\N	\N		theme-cyan	t	2020-10-23 18:54:09.334+00	2020-10-23 18:54:09.334+00
32	1	Hurtado		Rosember	1482012	\N	\N	\N	\N	\N	\N	\N	\N	\N	012@fcpn.edu.bo	\N	\N	\N	M. Sc.	\N	\N	\N	\N		theme-cyan	t	2020-10-23 18:54:39.293+00	2020-10-23 18:54:39.293+00
33	1	Arranzola		Susana	3937013	\N	\N	\N	\N	\N	\N	\N	\N	\N	013@fcpn.edu.bo	\N	\N	\N	M. Sc.	\N	\N	\N	\N		theme-cyan	t	2020-10-23 18:55:03.988+00	2020-10-23 18:55:03.988+00
34	1	Vargas		Viviana	5927014	\N	\N	\N	\N	\N	\N	\N	\N	\N	014@fcpn.edu.bo	\N	\N	\N	Lic.	\N	\N	\N	\N		theme-cyan	t	2020-10-23 18:55:33.451+00	2020-10-23 18:55:33.451+00
35	1	Cornejo		Maritza	4922015	\N	\N	\N	\N	\N	\N	\N	\N	\N	015@fcpn.edu.bo	\N	\N	\N	Lic.	\N	\N	\N	\N		theme-cyan	t	2020-10-23 18:56:10.2+00	2020-10-23 18:56:10.2+00
36	1	Toledo		Gabriel	3212016	\N	\N	\N	\N	\N	\N	\N	\N	\N	016@fcpn.edu.bo	\N	\N	\N	Lic.	\N	\N	\N	\N		theme-cyan	t	2020-10-23 18:56:41.572+00	2020-10-23 18:56:41.572+00
37	1	Paniagua		Narel	4827017	\N	\N	\N	\N	\N	\N	\N	\N	\N	017@fcpn.edu.bo	\N	\N	\N	Ph. D.	\N	\N	\N	\N		theme-cyan	t	2020-10-23 18:57:05.473+00	2020-10-23 18:57:05.473+00
38	1	Cadima		Ximena	3927018	\N	\N	\N	\N	\N	\N	\N	\N	\N	018@fcpn.edu.bo	\N	\N	\N	Ph. D.	\N	\N	\N	\N		theme-cyan	t	2020-10-23 18:57:40.47+00	2020-10-23 18:57:40.47+00
39	1	Mendoza		Magaly	1827019	\N	\N	\N	\N	\N	\N	\N	\N	\N	019@fcpn.edu.bo	\N	\N	\N	Lic.	\N	\N	\N	\N		theme-cyan	t	2020-10-23 18:58:04.943+00	2020-10-23 18:58:04.943+00
40	1	Martin		Ruben	2937020	\N	\N	\N	\N	\N	\N	\N	\N	\N	020@fcpn.edu.bo	\N	\N	\N	Lic.	\N	\N	\N	\N		theme-cyan	t	2020-10-23 18:58:34.176+00	2020-10-23 18:58:34.176+00
41	1	Apaza		Roberto	3928021	\N	\N	\N	\N	\N	\N	\N	\N	\N	021@fcpn.edu.bo	\N	\N	\N	Lic.	\N	\N	\N	\N		theme-cyan	t	2020-10-23 18:59:01.709+00	2020-10-23 18:59:01.709+00
42	1	Blasn	Bayo	Laura	3972022	\N	\N	\N	\N	\N	\N	\N	\N	\N	022@fcpn.edu.bo	\N	\N	\N	Lic.	\N	\N	\N	\N		theme-cyan	t	2020-10-23 18:59:40.129+00	2020-10-23 18:59:40.129+00
43	1	Llorente	Espino	Miguel	1827023	\N	\N	\N	\N	\N	\N	\N	\N	\N	023@fcpn.edu.bo	\N	\N	\N	Ph. D.	\N	\N	\N	\N		theme-cyan	t	2020-10-23 19:00:17.033+00	2020-10-23 19:00:17.033+00
44	1	Leveau		Lucas	3927024	\N	\N	\N	\N	\N	\N	\N	\N	\N	024@fcpn.edu.bo	\N	\N	\N	Ph. D.	\N	\N	\N	\N		theme-cyan	t	2020-10-23 19:00:47.579+00	2020-10-23 19:00:47.579+00
45	1	Maldonado		Diego	4827025	\N	\N	\N	\N	\N	\N	\N	\N	\N	025@fcpn.edu.bo	\N	\N	\N	Lic.	\N	\N	\N	\N		theme-cyan	t	2020-10-23 19:01:16.823+00	2020-10-23 19:01:16.823+00
46	1	Revollo		Susana	3927026	\N	\N	\N	\N	\N	\N	\N	\N	\N	026@fcpn.edu.bo	\N	\N	\N	Lic.	\N	\N	\N	\N		theme-cyan	t	2020-10-23 19:01:57.765+00	2020-10-23 19:01:57.765+00
47	1	Negroes		Nuno	4928027	\N	\N	\N	\N	\N	\N	\N	\N	\N	027@fcpn.edu.bo	\N	\N	\N	Ph. D.	\N	\N	\N	\N		theme-cyan	t	2020-10-23 19:02:25.786+00	2020-10-23 19:02:25.786+00
48	1	Arteaga		Luis	5827028	\N	\N	\N	\N	\N	\N	\N	\N	\N	028@fcpn.edu.bo	\N	\N	\N	M. Sc.	\N	\N	\N	\N		theme-cyan	t	2020-10-23 19:03:03.128+00	2020-10-23 19:03:03.128+00
49	1	Porter		Leila	5820029	\N	\N	\N	\N	\N	\N	\N	\N	\N	029@fcpn.edu.bo	\N	\N	\N	Ph. D.	\N	\N	\N	\N		theme-cyan	t	2020-10-23 19:03:37.201+00	2020-10-23 19:03:37.201+00
50	1	Duran	Toledo	Pamela	4820030	\N	\N	\N	\N	\N	\N	\N	\N	\N	030@fcpn.edu.bo	\N	\N	\N	M. Sc.	\N	\N	\N	\N		theme-cyan	t	2020-10-23 19:05:01.142+00	2020-10-23 19:05:01.142+00
51	1	Martinez	Avendao	Eddy Octavio	5027031	\N	\N	\N	\N	\N	\N	\N	\N	\N	031@fcpn.edu.bo	\N	\N	\N	Ph. D.	\N	\N	\N	\N		theme-cyan	t	2020-10-23 19:05:31.963+00	2020-10-23 19:05:31.963+00
52	1	Larrea		Daniel	4927033	\N	\N	\N	\N	\N	\N	\N	\N	\N	033@fcpn.edu.bo	\N	\N	\N	M. Sc.	\N	\N	\N	\N		theme-cyan	t	2020-10-23 19:05:56.693+00	2020-10-23 19:05:56.693+00
53	1	Altimiras		Jordi	1828034	\N	\N	\N	\N	\N	\N	\N	\N	\N	034@fcpn.edu.bo	\N	\N	\N	Ph. D.	\N	\N	\N	\N		theme-cyan	t	2020-10-23 19:06:24.496+00	2020-10-23 19:06:24.496+00
54	1	Arce		Orlando	5820035	\N	\N	\N	\N	\N	\N	\N	\N	\N	035@fcpn.edu.bo	\N	\N	\N	Lic.	\N	\N	\N	\N		theme-cyan	t	2020-10-23 19:07:36.386+00	2020-10-23 19:07:36.386+00
55	1	Alandia		Erika	1827036	\N	\N	\N	\N	\N	\N	\N	\N	\N	036@fcpn.edu.bo	\N	\N	\N	M. Sc.	\N	\N	\N	\N		theme-cyan	t	2020-10-23 19:08:22.829+00	2020-10-23 19:08:22.829+00
56	1	Salazar-Brazo		Jorge	6826037	\N	\N	\N	\N	\N	\N	\N	\N	\N	037@fcpn.edu.bo	\N	\N	\N	Ph. D.	\N	\N	\N	\N		theme-cyan	t	2020-10-23 19:08:49.378+00	2020-10-23 19:08:49.378+00
57	1	Bravo		Raiza	8928038	\N	\N	\N	\N	\N	\N	\N	\N	\N	038@fcpn.edu.bo	\N	\N	\N	Dipl.	\N	\N	\N	\N		theme-cyan	t	2020-10-23 19:11:43.939+00	2020-10-23 19:11:43.939+00
11	4	Moraes	Ramrez	Mnica Graciela	476807	\N	\N	\N	\N	\N	\N	\N	\N	\N	mmoraes@fcpn.edu.bo	\N	\N	\N	Ph. D.	\N	\N	\N	\N		theme-cyan	t	2020-10-23 14:19:37.912+00	2020-10-23 21:03:30.946+00
6	5	Garitano-Zavala	Burgos	Luis lvaro	3376712	\N	\N	\N	\N	\N	\N	\N	\N	\N	agaritanozavala@umsa.bo	\N	\N	\N	Ph. D.	\N	\N	\N	\N		theme-cyan	t	2020-10-23 14:10:18.472+00	2020-10-23 21:05:27.543+00
3	6	Ach	Cordero	Daro	3374109	\N	\N	\N	\N	\N	\N	\N	\N	\N	dacha@fcpn.edu.bo	\N	\N	\N	Ph. D.	\N	\N	\N	\N		theme-cyan	t	2020-10-23 14:07:23.745+00	2020-10-23 21:07:12.954+00
\.


--
-- TOC entry 3525 (class 0 OID 19813)
-- Dependencies: 271
-- Data for Name: peti_archivos; Type: TABLE DATA; Schema: public; Owner: postgres
--

COPY public.peti_archivos (id_peti_archivo, id_peticion, archivo, nombre, descripcion, id_tipo, estado, "createdAt", "updatedAt") FROM stdin;
\.


--
-- TOC entry 3523 (class 0 OID 19789)
-- Dependencies: 269
-- Data for Name: peticiones; Type: TABLE DATA; Schema: public; Owner: postgres
--

COPY public.peticiones (id_peticion, id_proyecto, id_investigador, tipo, motivos, detalle, estado, "createdAt", "updatedAt") FROM stdin;
\.


--
-- TOC entry 3475 (class 0 OID 19258)
-- Dependencies: 221
-- Data for Name: proy_archivos; Type: TABLE DATA; Schema: public; Owner: postgres
--

COPY public.proy_archivos (id_proy_archivo, id_proyecto, archivo, nombre, descripcion, id_tipo, estado, "createdAt", "updatedAt") FROM stdin;
1	1	gXln8dnDTdibR35ZkYyhl7fZ.pdf	Inextenso	documento inextenso	1	t	2020-10-23 20:02:33.483+00	2020-10-23 20:02:33.592+00
2	1	QkYwIL1iqXwtVwH2nN-Lh1dv.pdf	Titulo	caratula de proyecto	7	t	2020-10-23 20:03:31.682+00	2020-10-23 20:03:31.728+00
3	1	XunYp-TiyIktywXyjFrk8gUl.pdf	formulario	documento formulario	1	t	2020-10-23 20:04:41.029+00	2020-10-23 20:04:41.208+00
4	1	U9ac27V_Y_hhJ7lxMyKs4hvW.pdf	ResolucionEjecucionProyecto	Resolucion para ejecutar proyecto	1	t	2020-10-23 20:09:04.261+00	2020-10-23 20:09:04.339+00
5	2	f_FuZV65Fv5KwLkzCYJY2KBS.pdf	Inextenso	documento inextenso	1	t	2020-10-23 20:25:42.588+00	2020-10-23 20:25:42.658+00
6	2	VL2RMimUwXjedp0KOII84ij9.pdf	formulario	formulario de proyecto	1	t	2020-10-23 20:25:42.592+00	2020-10-23 20:25:42.669+00
7	2	4E6aiPKYMnmT4QC95FgmMcnm.pdf	Titulo	Caratula del proyecto	7	t	2020-10-23 20:26:07.089+00	2020-10-23 20:26:07.149+00
9	3	VdqTgwxReYGDeFOVYcZY2x4L.pdf	inextenso	documento inextenso	1	t	2020-10-23 20:33:08.675+00	2020-10-23 20:33:08.739+00
8	3	J3Uw-Z8mZHB9HKyMNJWvritW.pdf	formulario	documento formulario	1	t	2020-10-23 20:33:08.669+00	2020-10-23 20:33:08.742+00
10	3	q430iM8zB55U5ynque7QenxI.pdf	Titulo	caratula de proyecto	7	t	2020-10-23 20:33:20.064+00	2020-10-23 20:33:20.121+00
11	3	NH-Ek_PU341u5PgPx-iwNYvl.pdf	Otros	correo electronico	7	t	2020-10-23 20:34:42.286+00	2020-10-23 20:34:42.336+00
14	4	LVcIdfKx5aSnktRPdcmEBS-k.pdf	Inextenso	documento inextenso	1	t	2020-10-23 20:45:48.664+00	2020-10-23 20:45:48.746+00
12	4	N_sDkkJ7aVjBJDSego1pCwSx.pdf	fomularioMedio	documento formulario medio	1	t	2020-10-23 20:45:48.654+00	2020-10-23 20:45:48.765+00
13	4	xQJfN5kZAy0SGGQB4Jhjbao-.pdf	formularioFinal	documento formulario final	1	t	2020-10-23 20:45:48.659+00	2020-10-23 20:45:48.772+00
15	4	Tt1bZd1iwsR4C4fSa0b6HyO7.pdf	ResolucionAprobacionFinal	documento final 	6	t	2020-10-23 20:47:24.193+00	2020-10-23 20:47:24.252+00
17	5	BXoOLx_GuQnVTZGp5E48Ao2L.pdf	Inextenso	documento inextenso	1	t	2020-10-23 20:55:47.794+00	2020-10-23 20:55:47.86+00
16	5	_2Q3TM7WOCmD2EVyoK5rcVqL.pdf	formulario	documento formulario	1	t	2020-10-23 20:55:47.792+00	2020-10-23 20:55:47.86+00
18	5	9KJGMEr924RFuuN350NmxeXX.pdf	Titulo	caratula de proyecto	7	t	2020-10-23 20:56:37.096+00	2020-10-23 20:56:37.155+00
19	5	aFb4nPIiUwTir9TWoPkJr2hP.pdf	memorandum	memorandum	7	t	2020-10-23 21:01:29.633+00	2020-10-23 21:01:29.689+00
\.


--
-- TOC entry 3473 (class 0 OID 19230)
-- Dependencies: 219
-- Data for Name: proyectos; Type: TABLE DATA; Schema: public; Owner: postgres
--

COPY public.proyectos (id_proyecto, id_adm, id_coordinador, titulo, proceso, fechaini, fechafin, carrera, n_instituto, tipo, area, tipo_p, carga_h, moneda, financiamiento, estado, "createdAt", "updatedAt") FROM stdin;
4	1	16	Construccion y validacion de un metodo de capacitacion sobre el manejo del conflicto con micromamiferos y sus implicancias en la salud publica, dirigido a instituciones tecnicas y academicas del Departamento de La Paz	100	2016-08-10 04:00:00+00	2018-10-30 04:00:00+00	Biologia	Instituto de Ecologia	\N	\N	\N	\N	\N	\N	activo	2020-10-23 20:44:43.353+00	2020-10-23 20:44:43.353+00
1	1	6	Assesing the risk of extinction of plants and updating Key Biodiversity Areas in the Tropical Andes	65	2018-01-01 04:00:00+00	2020-06-01 04:00:00+00	Biologia	Instituto de Ecologia	\N	\N	\N	\N	\N	\N	activo	2020-10-23 19:31:09.505+00	2020-10-23 19:31:09.505+00
2	1	2	Bioremediacion de las zonas de huatajata y bahia Cohana del lago Titicaca y revalorizacion cultural economica de la totora	15	2018-10-03 04:00:00+00	2021-10-06 04:00:00+00	Biologia	Instituto de Ecologia	\N	\N	\N	\N	\N	\N	activo	2020-10-23 20:23:59.149+00	2020-10-23 20:23:59.149+00
3	1	5	Cooperacion tecnica ambiental para la planificacion de la conservacion de los espacios naturales del municipio de La Paz	70	2018-11-02 04:00:00+00	2020-04-16 04:00:00+00	Biologia	Instituto de Ecologia	\N	\N	\N	\N	\N	\N	activo	2020-10-23 20:32:26.491+00	2020-10-23 20:32:26.491+00
5	1	10	Conservacion de especie endemica Syagrus yungasensis: Practicas de propagacion (Proyecto Plantas Endemicas)	40	2018-03-03 04:00:00+00	2021-03-04 04:00:00+00	Biologia	Instituto de Ecologia	\N	\N	\N	\N	\N	\N	activo	2020-10-23 20:53:55.581+00	2020-10-23 20:53:55.581+00
\.


--
-- TOC entry 3521 (class 0 OID 19765)
-- Dependencies: 267
-- Data for Name: publi_archivos; Type: TABLE DATA; Schema: public; Owner: postgres
--

COPY public.publi_archivos (id_publi_archivo, id_publicacion, archivo, nombre, descripcion, id_tipo, estado, "createdAt", "updatedAt") FROM stdin;
1	1	_y9keDV36gITIoEXf8w52shi.pdf	PublicacionResumen	documento resumen de investigacin	14	t	2020-10-23 20:12:49.401+00	2020-10-23 20:12:49.555+00
2	2	mID-yCxZcyR7dCkUqWMgy67n.pdf	ProjectProposaIUCN	informacion documento	14	t	2020-10-23 20:21:18.632+00	2020-10-23 20:21:18.725+00
3	3	QXfFj6oYnPSVkPs8GBv03YWD.pdf	ResumenEntidadEjecutoraInversion	documento con resumen	14	t	2020-10-23 20:28:53.261+00	2020-10-23 20:28:53.414+00
4	4	FUcAdBip8hyBPmRdCeo_rJdp.pdf	MemoriaDetalladaDeLaActividad	actividad	14	t	2020-10-23 20:37:20.801+00	2020-10-23 20:37:21.01+00
5	5	yfgL3BoB6SvFhqsLBoU-JiPD.pdf	ConvocatoriaDefondos2015	resumen	14	t	2020-10-23 20:50:27.277+00	2020-10-23 20:50:27.441+00
6	6	83fQqMid9eJURezp0RsTzJrK.pdf	InformeProyectoInvestigacion	investigacion	14	t	2020-10-23 21:00:12.051+00	2020-10-23 21:00:12.246+00
\.


--
-- TOC entry 3515 (class 0 OID 19695)
-- Dependencies: 261
-- Data for Name: publicaciones; Type: TABLE DATA; Schema: public; Owner: postgres
--

COPY public.publicaciones (id_publicacion, id_proyecto, id_coordinador, titulo, fecha, contenido, tipo, estado, "createdAt", "updatedAt") FROM stdin;
1	1	6	Reconstructing South American mosoon sensitivity to interval and external forcing	2020-05-13 04:00:00+00	Resumen de la investigacin ...	Datos	t	2020-10-23 20:12:49.344+00	2020-10-23 20:12:49.344+00
2	1	6	Assesing the risk of extinction of plants and updating Key Biodiversity Areas in the Tropical Andes	2019-10-10 04:00:00+00	Informacion de la investigacion, financiamientos, gastos ...	Investigacin	t	2020-10-23 20:21:18.586+00	2020-10-23 20:21:18.586+00
3	2	2	Bioremediacion de las zonas de huatajata y bahia Cohana del lago Titicaca y revalorizacion cultural economica de la totora	2019-10-10 04:00:00+00	Resumen y detalles de financiamiento	Artculo	t	2020-10-23 20:28:53.2+00	2020-10-23 20:28:53.2+00
4	3	5	Memoria detallada de la actividad	2019-05-31 04:00:00+00	detalles de investigacion y financiamiento...	Datos	t	2020-10-23 20:37:20.753+00	2020-10-23 20:37:20.753+00
5	4	16	Defondos concursables	2018-01-18 04:00:00+00	Informacin de proyecto, mas detalles de los financiamientos..	Datos	t	2020-10-23 20:50:27.207+00	2020-10-23 20:50:27.207+00
6	5	10	Informe 2018 Plantas amenazadas de Bolivia	2019-04-03 04:00:00+00	Especies en estado critico: syagrus yunganesis y magnolia madidiensis	Investigacin	t	2020-10-23 21:00:12.002+00	2020-10-23 21:00:12.002+00
\.


--
-- TOC entry 3529 (class 0 OID 19861)
-- Dependencies: 275
-- Data for Name: segui_archivos; Type: TABLE DATA; Schema: public; Owner: postgres
--

COPY public.segui_archivos (id_segui_archivo, id_seguimiento, archivo, nombre, descripcion, id_tipo, estado, "createdAt", "updatedAt") FROM stdin;
\.


--
-- TOC entry 3527 (class 0 OID 19837)
-- Dependencies: 273
-- Data for Name: seguimientos; Type: TABLE DATA; Schema: public; Owner: postgres
--

COPY public.seguimientos (id_seguimiento, id_proyecto, id_director, tipo, revision, observaciones, proceso, estado, "createdAt", "updatedAt") FROM stdin;
\.


--
-- TOC entry 3469 (class 0 OID 19195)
-- Dependencies: 215
-- Data for Name: tipos; Type: TABLE DATA; Schema: public; Owner: postgres
--

COPY public.tipos (id_tipo, nombre, descripcion, estado, "createdAt", "updatedAt") FROM stdin;
1	Principal	Son los archivos principales para la creacin del proyecto	t	2020-10-23 13:16:53.813598+00	2020-10-23 13:16:53.813598+00
2	DGB	Archivo de direccion general de biodiversidad	t	2020-10-23 13:16:53.813598+00	2020-10-23 13:16:53.813598+00
3	SERNAP	Archivo de servicio nacional de areas protegidas	t	2020-10-23 13:16:53.813598+00	2020-10-23 13:16:53.813598+00
4	CITES	Archivo	t	2020-10-23 13:16:53.813598+00	2020-10-23 13:16:53.813598+00
5	BIOETICA	Archivo	t	2020-10-23 13:16:53.813598+00	2020-10-23 13:16:53.813598+00
6	Cierre de proyecto	Archivos necesarios para el cierre de proyecto	t	2020-10-23 13:16:53.813598+00	2020-10-23 13:16:53.813598+00
7	Otros	Cualquier tipo de archivo	t	2020-10-23 13:16:53.813598+00	2020-10-23 13:16:53.813598+00
8	Convenios	Archivo de convenios	t	2020-10-23 13:16:53.813598+00	2020-10-23 13:16:53.813598+00
9	Contratados	Archivo de contratados	t	2020-10-23 13:16:53.813598+00	2020-10-23 13:16:53.813598+00
10	Cursos	Archivo de cursos	t	2020-10-23 13:16:53.813598+00	2020-10-23 13:16:53.813598+00
11	Eventos	Archivo de eventos	t	2020-10-23 13:16:53.813598+00	2020-10-23 13:16:53.813598+00
12	Notas de prensa	Archivo de notas de prensa	t	2020-10-23 13:16:53.813598+00	2020-10-23 13:16:53.813598+00
13	Exposiciones	Archivo de Exposiciones	t	2020-10-23 13:16:53.813598+00	2020-10-23 13:16:53.813598+00
14	Publicacions	Archivo de publicaciones	t	2020-10-23 13:16:53.813598+00	2020-10-23 13:16:53.813598+00
15	Seguimientos	Archivo de seguimientos	t	2020-10-23 13:16:53.813598+00	2020-10-23 13:16:53.813598+00
16	Peticiones	Archivo de peticiones de investigadores	t	2020-10-23 13:16:53.813598+00	2020-10-23 13:16:53.813598+00
17	Final	Archivo de proyecto final	t	2020-10-23 13:16:53.813598+00	2020-10-23 13:16:53.813598+00
\.


--
-- TOC entry 3491 (class 0 OID 19444)
-- Dependencies: 237
-- Data for Name: unidades; Type: TABLE DATA; Schema: public; Owner: postgres
--

COPY public.unidades (id_unidad, id_proyecto, nombre, observacion, estado, "createdAt", "updatedAt") FROM stdin;
\.


--
-- TOC entry 3572 (class 0 OID 0)
-- Dependencies: 208
-- Name: adm_roles_id_rol_seq; Type: SEQUENCE SET; Schema: public; Owner: postgres
--

SELECT pg_catalog.setval('public.adm_roles_id_rol_seq', 3, true);


--
-- TOC entry 3573 (class 0 OID 0)
-- Dependencies: 210
-- Name: adm_usuario_roles_id_adm_usuario_rol_seq; Type: SEQUENCE SET; Schema: public; Owner: postgres
--

SELECT pg_catalog.setval('public.adm_usuario_roles_id_adm_usuario_rol_seq', 60, true);


--
-- TOC entry 3574 (class 0 OID 0)
-- Dependencies: 206
-- Name: adm_usuarios_id_usuario_seq; Type: SEQUENCE SET; Schema: public; Owner: postgres
--

SELECT pg_catalog.setval('public.adm_usuarios_id_usuario_seq', 57, true);


--
-- TOC entry 3575 (class 0 OID 0)
-- Dependencies: 264
-- Name: autores_id_autor_seq; Type: SEQUENCE SET; Schema: public; Owner: postgres
--

SELECT pg_catalog.setval('public.autores_id_autor_seq', 7, true);


--
-- TOC entry 3576 (class 0 OID 0)
-- Dependencies: 234
-- Name: basica_tecnicas_id_basica_tecnica_seq; Type: SEQUENCE SET; Schema: public; Owner: postgres
--

SELECT pg_catalog.setval('public.basica_tecnicas_id_basica_tecnica_seq', 1, false);


--
-- TOC entry 3577 (class 0 OID 0)
-- Dependencies: 262
-- Name: comentarios_id_comentario_seq; Type: SEQUENCE SET; Schema: public; Owner: postgres
--

SELECT pg_catalog.setval('public.comentarios_id_comentario_seq', 1, false);


--
-- TOC entry 3578 (class 0 OID 0)
-- Dependencies: 232
-- Name: contra_archivos_id_contra_archivo_seq; Type: SEQUENCE SET; Schema: public; Owner: postgres
--

SELECT pg_catalog.setval('public.contra_archivos_id_contra_archivo_seq', 1, false);


--
-- TOC entry 3579 (class 0 OID 0)
-- Dependencies: 230
-- Name: contratados_id_contratado_seq; Type: SEQUENCE SET; Schema: public; Owner: postgres
--

SELECT pg_catalog.setval('public.contratados_id_contratado_seq', 1, false);


--
-- TOC entry 3580 (class 0 OID 0)
-- Dependencies: 228
-- Name: conv_archivos_id_conv_archivo_seq; Type: SEQUENCE SET; Schema: public; Owner: postgres
--

SELECT pg_catalog.setval('public.conv_archivos_id_conv_archivo_seq', 1, false);


--
-- TOC entry 3581 (class 0 OID 0)
-- Dependencies: 226
-- Name: convenios_id_convenio_seq; Type: SEQUENCE SET; Schema: public; Owner: postgres
--

SELECT pg_catalog.setval('public.convenios_id_convenio_seq', 1, false);


--
-- TOC entry 3582 (class 0 OID 0)
-- Dependencies: 246
-- Name: curso_archivos_id_curso_archivo_seq; Type: SEQUENCE SET; Schema: public; Owner: postgres
--

SELECT pg_catalog.setval('public.curso_archivos_id_curso_archivo_seq', 1, false);


--
-- TOC entry 3583 (class 0 OID 0)
-- Dependencies: 242
-- Name: cursos_id_curso_seq; Type: SEQUENCE SET; Schema: public; Owner: postgres
--

SELECT pg_catalog.setval('public.cursos_id_curso_seq', 1, false);


--
-- TOC entry 3584 (class 0 OID 0)
-- Dependencies: 250
-- Name: evento_archivos_id_evento_archivos_seq; Type: SEQUENCE SET; Schema: public; Owner: postgres
--

SELECT pg_catalog.setval('public.evento_archivos_id_evento_archivos_seq', 1, false);


--
-- TOC entry 3585 (class 0 OID 0)
-- Dependencies: 248
-- Name: eventos_id_evento_seq; Type: SEQUENCE SET; Schema: public; Owner: postgres
--

SELECT pg_catalog.setval('public.eventos_id_evento_seq', 1, false);


--
-- TOC entry 3586 (class 0 OID 0)
-- Dependencies: 258
-- Name: expo_archivos_id_expo_archivo_seq; Type: SEQUENCE SET; Schema: public; Owner: postgres
--

SELECT pg_catalog.setval('public.expo_archivos_id_expo_archivo_seq', 1, false);


--
-- TOC entry 3587 (class 0 OID 0)
-- Dependencies: 256
-- Name: exposiciones_id_exposicion_seq; Type: SEQUENCE SET; Schema: public; Owner: postgres
--

SELECT pg_catalog.setval('public.exposiciones_id_exposicion_seq', 1, false);


--
-- TOC entry 3588 (class 0 OID 0)
-- Dependencies: 244
-- Name: expositores_id_expositor_seq; Type: SEQUENCE SET; Schema: public; Owner: postgres
--

SELECT pg_catalog.setval('public.expositores_id_expositor_seq', 1, false);


--
-- TOC entry 3589 (class 0 OID 0)
-- Dependencies: 238
-- Name: financiamientos_id_financiamiento_seq; Type: SEQUENCE SET; Schema: public; Owner: postgres
--

SELECT pg_catalog.setval('public.financiamientos_id_financiamiento_seq', 1, false);


--
-- TOC entry 3590 (class 0 OID 0)
-- Dependencies: 202
-- Name: fotografias_id_fotografia_seq; Type: SEQUENCE SET; Schema: public; Owner: postgres
--

SELECT pg_catalog.setval('public.fotografias_id_fotografia_seq', 6, true);


--
-- TOC entry 3591 (class 0 OID 0)
-- Dependencies: 222
-- Name: inv_proyectos_id_inv_proyecto_seq; Type: SEQUENCE SET; Schema: public; Owner: postgres
--

SELECT pg_catalog.setval('public.inv_proyectos_id_inv_proyecto_seq', 13, true);


--
-- TOC entry 3592 (class 0 OID 0)
-- Dependencies: 212
-- Name: inv_tipos_id_inv_tipo_seq; Type: SEQUENCE SET; Schema: public; Owner: postgres
--

SELECT pg_catalog.setval('public.inv_tipos_id_inv_tipo_seq', 3, true);


--
-- TOC entry 3593 (class 0 OID 0)
-- Dependencies: 216
-- Name: investigadores_id_investigador_seq; Type: SEQUENCE SET; Schema: public; Owner: postgres
--

SELECT pg_catalog.setval('public.investigadores_id_investigador_seq', 56, true);


--
-- TOC entry 3594 (class 0 OID 0)
-- Dependencies: 240
-- Name: lugar_desarrollos_id_lugar_desarrollo_seq; Type: SEQUENCE SET; Schema: public; Owner: postgres
--

SELECT pg_catalog.setval('public.lugar_desarrollos_id_lugar_desarrollo_seq', 1, false);


--
-- TOC entry 3595 (class 0 OID 0)
-- Dependencies: 254
-- Name: nota_archivos_id_nota_archivo_seq; Type: SEQUENCE SET; Schema: public; Owner: postgres
--

SELECT pg_catalog.setval('public.nota_archivos_id_nota_archivo_seq', 1, false);


--
-- TOC entry 3596 (class 0 OID 0)
-- Dependencies: 252
-- Name: nota_prensas_id_nota_prensa_seq; Type: SEQUENCE SET; Schema: public; Owner: postgres
--

SELECT pg_catalog.setval('public.nota_prensas_id_nota_prensa_seq', 1, false);


--
-- TOC entry 3597 (class 0 OID 0)
-- Dependencies: 224
-- Name: permiso_archivos_id_permiso_archivo_seq; Type: SEQUENCE SET; Schema: public; Owner: postgres
--

SELECT pg_catalog.setval('public.permiso_archivos_id_permiso_archivo_seq', 3, true);


--
-- TOC entry 3598 (class 0 OID 0)
-- Dependencies: 204
-- Name: personas_id_persona_seq; Type: SEQUENCE SET; Schema: public; Owner: postgres
--

SELECT pg_catalog.setval('public.personas_id_persona_seq', 57, true);


--
-- TOC entry 3599 (class 0 OID 0)
-- Dependencies: 270
-- Name: peti_archivos_id_peti_archivo_seq; Type: SEQUENCE SET; Schema: public; Owner: postgres
--

SELECT pg_catalog.setval('public.peti_archivos_id_peti_archivo_seq', 1, false);


--
-- TOC entry 3600 (class 0 OID 0)
-- Dependencies: 268
-- Name: peticiones_id_peticion_seq; Type: SEQUENCE SET; Schema: public; Owner: postgres
--

SELECT pg_catalog.setval('public.peticiones_id_peticion_seq', 1, false);


--
-- TOC entry 3601 (class 0 OID 0)
-- Dependencies: 220
-- Name: proy_archivos_id_proy_archivo_seq; Type: SEQUENCE SET; Schema: public; Owner: postgres
--

SELECT pg_catalog.setval('public.proy_archivos_id_proy_archivo_seq', 19, true);


--
-- TOC entry 3602 (class 0 OID 0)
-- Dependencies: 218
-- Name: proyectos_id_proyecto_seq; Type: SEQUENCE SET; Schema: public; Owner: postgres
--

SELECT pg_catalog.setval('public.proyectos_id_proyecto_seq', 5, true);


--
-- TOC entry 3603 (class 0 OID 0)
-- Dependencies: 266
-- Name: publi_archivos_id_publi_archivo_seq; Type: SEQUENCE SET; Schema: public; Owner: postgres
--

SELECT pg_catalog.setval('public.publi_archivos_id_publi_archivo_seq', 6, true);


--
-- TOC entry 3604 (class 0 OID 0)
-- Dependencies: 260
-- Name: publicaciones_id_publicacion_seq; Type: SEQUENCE SET; Schema: public; Owner: postgres
--

SELECT pg_catalog.setval('public.publicaciones_id_publicacion_seq', 6, true);


--
-- TOC entry 3605 (class 0 OID 0)
-- Dependencies: 274
-- Name: segui_archivos_id_segui_archivo_seq; Type: SEQUENCE SET; Schema: public; Owner: postgres
--

SELECT pg_catalog.setval('public.segui_archivos_id_segui_archivo_seq', 1, false);


--
-- TOC entry 3606 (class 0 OID 0)
-- Dependencies: 272
-- Name: seguimientos_id_seguimiento_seq; Type: SEQUENCE SET; Schema: public; Owner: postgres
--

SELECT pg_catalog.setval('public.seguimientos_id_seguimiento_seq', 1, false);


--
-- TOC entry 3607 (class 0 OID 0)
-- Dependencies: 214
-- Name: tipos_id_tipo_seq; Type: SEQUENCE SET; Schema: public; Owner: postgres
--

SELECT pg_catalog.setval('public.tipos_id_tipo_seq', 17, true);


--
-- TOC entry 3608 (class 0 OID 0)
-- Dependencies: 236
-- Name: unidades_id_unidad_seq; Type: SEQUENCE SET; Schema: public; Owner: postgres
--

SELECT pg_catalog.setval('public.unidades_id_unidad_seq', 1, false);


--
-- TOC entry 3206 (class 2606 OID 19155)
-- Name: adm_roles adm_roles_pkey; Type: CONSTRAINT; Schema: public; Owner: postgres
--

ALTER TABLE ONLY public.adm_roles
    ADD CONSTRAINT adm_roles_pkey PRIMARY KEY (id_rol);


--
-- TOC entry 3208 (class 2606 OID 19157)
-- Name: adm_roles adm_roles_rol_key; Type: CONSTRAINT; Schema: public; Owner: postgres
--

ALTER TABLE ONLY public.adm_roles
    ADD CONSTRAINT adm_roles_rol_key UNIQUE (rol);


--
-- TOC entry 3210 (class 2606 OID 19168)
-- Name: adm_usuario_roles adm_usuario_roles_pkey; Type: CONSTRAINT; Schema: public; Owner: postgres
--

ALTER TABLE ONLY public.adm_usuario_roles
    ADD CONSTRAINT adm_usuario_roles_pkey PRIMARY KEY (id_adm_usuario_rol);


--
-- TOC entry 3202 (class 2606 OID 19134)
-- Name: adm_usuarios adm_usuarios_pkey; Type: CONSTRAINT; Schema: public; Owner: postgres
--

ALTER TABLE ONLY public.adm_usuarios
    ADD CONSTRAINT adm_usuarios_pkey PRIMARY KEY (id_usuario);


--
-- TOC entry 3204 (class 2606 OID 19136)
-- Name: adm_usuarios adm_usuarios_usuario_key; Type: CONSTRAINT; Schema: public; Owner: postgres
--

ALTER TABLE ONLY public.adm_usuarios
    ADD CONSTRAINT adm_usuarios_usuario_key UNIQUE (usuario);


--
-- TOC entry 3264 (class 2606 OID 19752)
-- Name: autores autores_pkey; Type: CONSTRAINT; Schema: public; Owner: postgres
--

ALTER TABLE ONLY public.autores
    ADD CONSTRAINT autores_pkey PRIMARY KEY (id_autor);


--
-- TOC entry 3234 (class 2606 OID 19436)
-- Name: basica_tecnicas basica_tecnicas_pkey; Type: CONSTRAINT; Schema: public; Owner: postgres
--

ALTER TABLE ONLY public.basica_tecnicas
    ADD CONSTRAINT basica_tecnicas_pkey PRIMARY KEY (id_basica_tecnica);


--
-- TOC entry 3262 (class 2606 OID 19731)
-- Name: comentarios comentarios_pkey; Type: CONSTRAINT; Schema: public; Owner: postgres
--

ALTER TABLE ONLY public.comentarios
    ADD CONSTRAINT comentarios_pkey PRIMARY KEY (id_comentario);


--
-- TOC entry 3232 (class 2606 OID 19412)
-- Name: contra_archivos contra_archivos_pkey; Type: CONSTRAINT; Schema: public; Owner: postgres
--

ALTER TABLE ONLY public.contra_archivos
    ADD CONSTRAINT contra_archivos_pkey PRIMARY KEY (id_contra_archivo);


--
-- TOC entry 3230 (class 2606 OID 19388)
-- Name: contratados contratados_pkey; Type: CONSTRAINT; Schema: public; Owner: postgres
--

ALTER TABLE ONLY public.contratados
    ADD CONSTRAINT contratados_pkey PRIMARY KEY (id_contratado);


--
-- TOC entry 3228 (class 2606 OID 19363)
-- Name: conv_archivos conv_archivos_pkey; Type: CONSTRAINT; Schema: public; Owner: postgres
--

ALTER TABLE ONLY public.conv_archivos
    ADD CONSTRAINT conv_archivos_pkey PRIMARY KEY (id_conv_archivo);


--
-- TOC entry 3226 (class 2606 OID 19339)
-- Name: convenios convenios_pkey; Type: CONSTRAINT; Schema: public; Owner: postgres
--

ALTER TABLE ONLY public.convenios
    ADD CONSTRAINT convenios_pkey PRIMARY KEY (id_convenio);


--
-- TOC entry 3246 (class 2606 OID 19551)
-- Name: curso_archivos curso_archivos_pkey; Type: CONSTRAINT; Schema: public; Owner: postgres
--

ALTER TABLE ONLY public.curso_archivos
    ADD CONSTRAINT curso_archivos_pkey PRIMARY KEY (id_curso_archivo);


--
-- TOC entry 3242 (class 2606 OID 19513)
-- Name: cursos cursos_pkey; Type: CONSTRAINT; Schema: public; Owner: postgres
--

ALTER TABLE ONLY public.cursos
    ADD CONSTRAINT cursos_pkey PRIMARY KEY (id_curso);


--
-- TOC entry 3250 (class 2606 OID 19595)
-- Name: evento_archivos evento_archivos_pkey; Type: CONSTRAINT; Schema: public; Owner: postgres
--

ALTER TABLE ONLY public.evento_archivos
    ADD CONSTRAINT evento_archivos_pkey PRIMARY KEY (id_evento_archivos);


--
-- TOC entry 3248 (class 2606 OID 19576)
-- Name: eventos eventos_pkey; Type: CONSTRAINT; Schema: public; Owner: postgres
--

ALTER TABLE ONLY public.eventos
    ADD CONSTRAINT eventos_pkey PRIMARY KEY (id_evento);


--
-- TOC entry 3258 (class 2606 OID 19682)
-- Name: expo_archivos expo_archivos_pkey; Type: CONSTRAINT; Schema: public; Owner: postgres
--

ALTER TABLE ONLY public.expo_archivos
    ADD CONSTRAINT expo_archivos_pkey PRIMARY KEY (id_expo_archivo);


--
-- TOC entry 3256 (class 2606 OID 19663)
-- Name: exposiciones exposiciones_pkey; Type: CONSTRAINT; Schema: public; Owner: postgres
--

ALTER TABLE ONLY public.exposiciones
    ADD CONSTRAINT exposiciones_pkey PRIMARY KEY (id_exposicion);


--
-- TOC entry 3244 (class 2606 OID 19532)
-- Name: expositores expositores_pkey; Type: CONSTRAINT; Schema: public; Owner: postgres
--

ALTER TABLE ONLY public.expositores
    ADD CONSTRAINT expositores_pkey PRIMARY KEY (id_expositor);


--
-- TOC entry 3238 (class 2606 OID 19474)
-- Name: financiamientos financiamientos_pkey; Type: CONSTRAINT; Schema: public; Owner: postgres
--

ALTER TABLE ONLY public.financiamientos
    ADD CONSTRAINT financiamientos_pkey PRIMARY KEY (id_financiamiento);


--
-- TOC entry 3190 (class 2606 OID 19090)
-- Name: fotografias fotografias_pkey; Type: CONSTRAINT; Schema: public; Owner: postgres
--

ALTER TABLE ONLY public.fotografias
    ADD CONSTRAINT fotografias_pkey PRIMARY KEY (id_fotografia);


--
-- TOC entry 3222 (class 2606 OID 19290)
-- Name: inv_proyectos inv_proyectos_pkey; Type: CONSTRAINT; Schema: public; Owner: postgres
--

ALTER TABLE ONLY public.inv_proyectos
    ADD CONSTRAINT inv_proyectos_pkey PRIMARY KEY (id_inv_proyecto);


--
-- TOC entry 3212 (class 2606 OID 19192)
-- Name: inv_tipos inv_tipos_pkey; Type: CONSTRAINT; Schema: public; Owner: postgres
--

ALTER TABLE ONLY public.inv_tipos
    ADD CONSTRAINT inv_tipos_pkey PRIMARY KEY (id_inv_tipo);


--
-- TOC entry 3216 (class 2606 OID 19217)
-- Name: investigadores investigadores_pkey; Type: CONSTRAINT; Schema: public; Owner: postgres
--

ALTER TABLE ONLY public.investigadores
    ADD CONSTRAINT investigadores_pkey PRIMARY KEY (id_investigador);


--
-- TOC entry 3240 (class 2606 OID 19493)
-- Name: lugar_desarrollos lugar_desarrollos_pkey; Type: CONSTRAINT; Schema: public; Owner: postgres
--

ALTER TABLE ONLY public.lugar_desarrollos
    ADD CONSTRAINT lugar_desarrollos_pkey PRIMARY KEY (id_lugar_desarrollo);


--
-- TOC entry 3254 (class 2606 OID 19638)
-- Name: nota_archivos nota_archivos_pkey; Type: CONSTRAINT; Schema: public; Owner: postgres
--

ALTER TABLE ONLY public.nota_archivos
    ADD CONSTRAINT nota_archivos_pkey PRIMARY KEY (id_nota_archivo);


--
-- TOC entry 3252 (class 2606 OID 19619)
-- Name: nota_prensas nota_prensas_pkey; Type: CONSTRAINT; Schema: public; Owner: postgres
--

ALTER TABLE ONLY public.nota_prensas
    ADD CONSTRAINT nota_prensas_pkey PRIMARY KEY (id_nota_prensa);


--
-- TOC entry 3224 (class 2606 OID 19314)
-- Name: permiso_archivos permiso_archivos_pkey; Type: CONSTRAINT; Schema: public; Owner: postgres
--

ALTER TABLE ONLY public.permiso_archivos
    ADD CONSTRAINT permiso_archivos_pkey PRIMARY KEY (id_permiso_archivo);


--
-- TOC entry 3192 (class 2606 OID 19115)
-- Name: personas personas_celular_key; Type: CONSTRAINT; Schema: public; Owner: postgres
--

ALTER TABLE ONLY public.personas
    ADD CONSTRAINT personas_celular_key UNIQUE (celular);


--
-- TOC entry 3194 (class 2606 OID 19109)
-- Name: personas personas_ci_key; Type: CONSTRAINT; Schema: public; Owner: postgres
--

ALTER TABLE ONLY public.personas
    ADD CONSTRAINT personas_ci_key UNIQUE (ci);


--
-- TOC entry 3196 (class 2606 OID 19111)
-- Name: personas personas_correo_key; Type: CONSTRAINT; Schema: public; Owner: postgres
--

ALTER TABLE ONLY public.personas
    ADD CONSTRAINT personas_correo_key UNIQUE (correo);


--
-- TOC entry 3198 (class 2606 OID 19107)
-- Name: personas personas_pkey; Type: CONSTRAINT; Schema: public; Owner: postgres
--

ALTER TABLE ONLY public.personas
    ADD CONSTRAINT personas_pkey PRIMARY KEY (id_persona);


--
-- TOC entry 3200 (class 2606 OID 19113)
-- Name: personas personas_telefono_key; Type: CONSTRAINT; Schema: public; Owner: postgres
--

ALTER TABLE ONLY public.personas
    ADD CONSTRAINT personas_telefono_key UNIQUE (telefono);


--
-- TOC entry 3270 (class 2606 OID 19824)
-- Name: peti_archivos peti_archivos_pkey; Type: CONSTRAINT; Schema: public; Owner: postgres
--

ALTER TABLE ONLY public.peti_archivos
    ADD CONSTRAINT peti_archivos_pkey PRIMARY KEY (id_peti_archivo);


--
-- TOC entry 3268 (class 2606 OID 19800)
-- Name: peticiones peticiones_pkey; Type: CONSTRAINT; Schema: public; Owner: postgres
--

ALTER TABLE ONLY public.peticiones
    ADD CONSTRAINT peticiones_pkey PRIMARY KEY (id_peticion);


--
-- TOC entry 3220 (class 2606 OID 19269)
-- Name: proy_archivos proy_archivos_pkey; Type: CONSTRAINT; Schema: public; Owner: postgres
--

ALTER TABLE ONLY public.proy_archivos
    ADD CONSTRAINT proy_archivos_pkey PRIMARY KEY (id_proy_archivo);


--
-- TOC entry 3218 (class 2606 OID 19245)
-- Name: proyectos proyectos_pkey; Type: CONSTRAINT; Schema: public; Owner: postgres
--

ALTER TABLE ONLY public.proyectos
    ADD CONSTRAINT proyectos_pkey PRIMARY KEY (id_proyecto);


--
-- TOC entry 3266 (class 2606 OID 19776)
-- Name: publi_archivos publi_archivos_pkey; Type: CONSTRAINT; Schema: public; Owner: postgres
--

ALTER TABLE ONLY public.publi_archivos
    ADD CONSTRAINT publi_archivos_pkey PRIMARY KEY (id_publi_archivo);


--
-- TOC entry 3260 (class 2606 OID 19707)
-- Name: publicaciones publicaciones_pkey; Type: CONSTRAINT; Schema: public; Owner: postgres
--

ALTER TABLE ONLY public.publicaciones
    ADD CONSTRAINT publicaciones_pkey PRIMARY KEY (id_publicacion);


--
-- TOC entry 3274 (class 2606 OID 19872)
-- Name: segui_archivos segui_archivos_pkey; Type: CONSTRAINT; Schema: public; Owner: postgres
--

ALTER TABLE ONLY public.segui_archivos
    ADD CONSTRAINT segui_archivos_pkey PRIMARY KEY (id_segui_archivo);


--
-- TOC entry 3272 (class 2606 OID 19848)
-- Name: seguimientos seguimientos_pkey; Type: CONSTRAINT; Schema: public; Owner: postgres
--

ALTER TABLE ONLY public.seguimientos
    ADD CONSTRAINT seguimientos_pkey PRIMARY KEY (id_seguimiento);


--
-- TOC entry 3214 (class 2606 OID 19206)
-- Name: tipos tipos_pkey; Type: CONSTRAINT; Schema: public; Owner: postgres
--

ALTER TABLE ONLY public.tipos
    ADD CONSTRAINT tipos_pkey PRIMARY KEY (id_tipo);


--
-- TOC entry 3236 (class 2606 OID 19455)
-- Name: unidades unidades_pkey; Type: CONSTRAINT; Schema: public; Owner: postgres
--

ALTER TABLE ONLY public.unidades
    ADD CONSTRAINT unidades_pkey PRIMARY KEY (id_unidad);


--
-- TOC entry 3278 (class 2606 OID 19174)
-- Name: adm_usuario_roles adm_usuario_roles_id_rol_fkey; Type: FK CONSTRAINT; Schema: public; Owner: postgres
--

ALTER TABLE ONLY public.adm_usuario_roles
    ADD CONSTRAINT adm_usuario_roles_id_rol_fkey FOREIGN KEY (id_rol) REFERENCES public.adm_roles(id_rol);


--
-- TOC entry 3277 (class 2606 OID 19169)
-- Name: adm_usuario_roles adm_usuario_roles_id_usuario_fkey; Type: FK CONSTRAINT; Schema: public; Owner: postgres
--

ALTER TABLE ONLY public.adm_usuario_roles
    ADD CONSTRAINT adm_usuario_roles_id_usuario_fkey FOREIGN KEY (id_usuario) REFERENCES public.adm_usuarios(id_usuario);


--
-- TOC entry 3276 (class 2606 OID 19137)
-- Name: adm_usuarios adm_usuarios_id_persona_fkey; Type: FK CONSTRAINT; Schema: public; Owner: postgres
--

ALTER TABLE ONLY public.adm_usuarios
    ADD CONSTRAINT adm_usuarios_id_persona_fkey FOREIGN KEY (id_persona) REFERENCES public.personas(id_persona);


--
-- TOC entry 3318 (class 2606 OID 19753)
-- Name: autores autores_id_investigador_fkey; Type: FK CONSTRAINT; Schema: public; Owner: postgres
--

ALTER TABLE ONLY public.autores
    ADD CONSTRAINT autores_id_investigador_fkey FOREIGN KEY (id_investigador) REFERENCES public.investigadores(id_investigador);


--
-- TOC entry 3319 (class 2606 OID 19758)
-- Name: autores autores_id_publicacion_fkey; Type: FK CONSTRAINT; Schema: public; Owner: postgres
--

ALTER TABLE ONLY public.autores
    ADD CONSTRAINT autores_id_publicacion_fkey FOREIGN KEY (id_publicacion) REFERENCES public.publicaciones(id_publicacion);


--
-- TOC entry 3297 (class 2606 OID 19437)
-- Name: basica_tecnicas basica_tecnicas_id_proyecto_fkey; Type: FK CONSTRAINT; Schema: public; Owner: postgres
--

ALTER TABLE ONLY public.basica_tecnicas
    ADD CONSTRAINT basica_tecnicas_id_proyecto_fkey FOREIGN KEY (id_proyecto) REFERENCES public.proyectos(id_proyecto);


--
-- TOC entry 3316 (class 2606 OID 19732)
-- Name: comentarios comentarios_id_persona_fkey; Type: FK CONSTRAINT; Schema: public; Owner: postgres
--

ALTER TABLE ONLY public.comentarios
    ADD CONSTRAINT comentarios_id_persona_fkey FOREIGN KEY (id_persona) REFERENCES public.personas(id_persona);


--
-- TOC entry 3317 (class 2606 OID 19737)
-- Name: comentarios comentarios_id_publicacion_fkey; Type: FK CONSTRAINT; Schema: public; Owner: postgres
--

ALTER TABLE ONLY public.comentarios
    ADD CONSTRAINT comentarios_id_publicacion_fkey FOREIGN KEY (id_publicacion) REFERENCES public.publicaciones(id_publicacion);


--
-- TOC entry 3295 (class 2606 OID 19413)
-- Name: contra_archivos contra_archivos_id_contratado_fkey; Type: FK CONSTRAINT; Schema: public; Owner: postgres
--

ALTER TABLE ONLY public.contra_archivos
    ADD CONSTRAINT contra_archivos_id_contratado_fkey FOREIGN KEY (id_contratado) REFERENCES public.contratados(id_contratado);


--
-- TOC entry 3296 (class 2606 OID 19418)
-- Name: contra_archivos contra_archivos_id_tipo_fkey; Type: FK CONSTRAINT; Schema: public; Owner: postgres
--

ALTER TABLE ONLY public.contra_archivos
    ADD CONSTRAINT contra_archivos_id_tipo_fkey FOREIGN KEY (id_tipo) REFERENCES public.tipos(id_tipo);


--
-- TOC entry 3293 (class 2606 OID 19389)
-- Name: contratados contratados_id_proyecto_fkey; Type: FK CONSTRAINT; Schema: public; Owner: postgres
--

ALTER TABLE ONLY public.contratados
    ADD CONSTRAINT contratados_id_proyecto_fkey FOREIGN KEY (id_proyecto) REFERENCES public.proyectos(id_proyecto);


--
-- TOC entry 3294 (class 2606 OID 19394)
-- Name: contratados contratados_id_tipo_fkey; Type: FK CONSTRAINT; Schema: public; Owner: postgres
--

ALTER TABLE ONLY public.contratados
    ADD CONSTRAINT contratados_id_tipo_fkey FOREIGN KEY (id_tipo) REFERENCES public.tipos(id_tipo);


--
-- TOC entry 3291 (class 2606 OID 19364)
-- Name: conv_archivos conv_archivos_id_convenio_fkey; Type: FK CONSTRAINT; Schema: public; Owner: postgres
--

ALTER TABLE ONLY public.conv_archivos
    ADD CONSTRAINT conv_archivos_id_convenio_fkey FOREIGN KEY (id_convenio) REFERENCES public.convenios(id_convenio);


--
-- TOC entry 3292 (class 2606 OID 19369)
-- Name: conv_archivos conv_archivos_id_tipo_fkey; Type: FK CONSTRAINT; Schema: public; Owner: postgres
--

ALTER TABLE ONLY public.conv_archivos
    ADD CONSTRAINT conv_archivos_id_tipo_fkey FOREIGN KEY (id_tipo) REFERENCES public.tipos(id_tipo);


--
-- TOC entry 3289 (class 2606 OID 19340)
-- Name: convenios convenios_id_proyecto_fkey; Type: FK CONSTRAINT; Schema: public; Owner: postgres
--

ALTER TABLE ONLY public.convenios
    ADD CONSTRAINT convenios_id_proyecto_fkey FOREIGN KEY (id_proyecto) REFERENCES public.proyectos(id_proyecto);


--
-- TOC entry 3290 (class 2606 OID 19345)
-- Name: convenios convenios_id_tipo_fkey; Type: FK CONSTRAINT; Schema: public; Owner: postgres
--

ALTER TABLE ONLY public.convenios
    ADD CONSTRAINT convenios_id_tipo_fkey FOREIGN KEY (id_tipo) REFERENCES public.tipos(id_tipo);


--
-- TOC entry 3303 (class 2606 OID 19552)
-- Name: curso_archivos curso_archivos_id_curso_fkey; Type: FK CONSTRAINT; Schema: public; Owner: postgres
--

ALTER TABLE ONLY public.curso_archivos
    ADD CONSTRAINT curso_archivos_id_curso_fkey FOREIGN KEY (id_curso) REFERENCES public.cursos(id_curso);


--
-- TOC entry 3304 (class 2606 OID 19557)
-- Name: curso_archivos curso_archivos_id_tipo_fkey; Type: FK CONSTRAINT; Schema: public; Owner: postgres
--

ALTER TABLE ONLY public.curso_archivos
    ADD CONSTRAINT curso_archivos_id_tipo_fkey FOREIGN KEY (id_tipo) REFERENCES public.tipos(id_tipo);


--
-- TOC entry 3301 (class 2606 OID 19514)
-- Name: cursos cursos_id_proyecto_fkey; Type: FK CONSTRAINT; Schema: public; Owner: postgres
--

ALTER TABLE ONLY public.cursos
    ADD CONSTRAINT cursos_id_proyecto_fkey FOREIGN KEY (id_proyecto) REFERENCES public.proyectos(id_proyecto);


--
-- TOC entry 3306 (class 2606 OID 19596)
-- Name: evento_archivos evento_archivos_id_evento_fkey; Type: FK CONSTRAINT; Schema: public; Owner: postgres
--

ALTER TABLE ONLY public.evento_archivos
    ADD CONSTRAINT evento_archivos_id_evento_fkey FOREIGN KEY (id_evento) REFERENCES public.eventos(id_evento);


--
-- TOC entry 3307 (class 2606 OID 19601)
-- Name: evento_archivos evento_archivos_id_tipo_fkey; Type: FK CONSTRAINT; Schema: public; Owner: postgres
--

ALTER TABLE ONLY public.evento_archivos
    ADD CONSTRAINT evento_archivos_id_tipo_fkey FOREIGN KEY (id_tipo) REFERENCES public.tipos(id_tipo);


--
-- TOC entry 3305 (class 2606 OID 19577)
-- Name: eventos eventos_id_proyecto_fkey; Type: FK CONSTRAINT; Schema: public; Owner: postgres
--

ALTER TABLE ONLY public.eventos
    ADD CONSTRAINT eventos_id_proyecto_fkey FOREIGN KEY (id_proyecto) REFERENCES public.proyectos(id_proyecto);


--
-- TOC entry 3312 (class 2606 OID 19683)
-- Name: expo_archivos expo_archivos_id_exposicion_fkey; Type: FK CONSTRAINT; Schema: public; Owner: postgres
--

ALTER TABLE ONLY public.expo_archivos
    ADD CONSTRAINT expo_archivos_id_exposicion_fkey FOREIGN KEY (id_exposicion) REFERENCES public.exposiciones(id_exposicion);


--
-- TOC entry 3313 (class 2606 OID 19688)
-- Name: expo_archivos expo_archivos_id_tipo_fkey; Type: FK CONSTRAINT; Schema: public; Owner: postgres
--

ALTER TABLE ONLY public.expo_archivos
    ADD CONSTRAINT expo_archivos_id_tipo_fkey FOREIGN KEY (id_tipo) REFERENCES public.tipos(id_tipo);


--
-- TOC entry 3311 (class 2606 OID 19664)
-- Name: exposiciones exposiciones_id_proyecto_fkey; Type: FK CONSTRAINT; Schema: public; Owner: postgres
--

ALTER TABLE ONLY public.exposiciones
    ADD CONSTRAINT exposiciones_id_proyecto_fkey FOREIGN KEY (id_proyecto) REFERENCES public.proyectos(id_proyecto);


--
-- TOC entry 3302 (class 2606 OID 19533)
-- Name: expositores expositores_id_curso_fkey; Type: FK CONSTRAINT; Schema: public; Owner: postgres
--

ALTER TABLE ONLY public.expositores
    ADD CONSTRAINT expositores_id_curso_fkey FOREIGN KEY (id_curso) REFERENCES public.cursos(id_curso);


--
-- TOC entry 3299 (class 2606 OID 19475)
-- Name: financiamientos financiamientos_id_proyecto_fkey; Type: FK CONSTRAINT; Schema: public; Owner: postgres
--

ALTER TABLE ONLY public.financiamientos
    ADD CONSTRAINT financiamientos_id_proyecto_fkey FOREIGN KEY (id_proyecto) REFERENCES public.proyectos(id_proyecto);


--
-- TOC entry 3286 (class 2606 OID 19296)
-- Name: inv_proyectos inv_proyectos_id_investigador_fkey; Type: FK CONSTRAINT; Schema: public; Owner: postgres
--

ALTER TABLE ONLY public.inv_proyectos
    ADD CONSTRAINT inv_proyectos_id_investigador_fkey FOREIGN KEY (id_investigador) REFERENCES public.investigadores(id_investigador);


--
-- TOC entry 3285 (class 2606 OID 19291)
-- Name: inv_proyectos inv_proyectos_id_proyecto_fkey; Type: FK CONSTRAINT; Schema: public; Owner: postgres
--

ALTER TABLE ONLY public.inv_proyectos
    ADD CONSTRAINT inv_proyectos_id_proyecto_fkey FOREIGN KEY (id_proyecto) REFERENCES public.proyectos(id_proyecto);


--
-- TOC entry 3280 (class 2606 OID 19223)
-- Name: investigadores investigadores_id_inv_tipo_fkey; Type: FK CONSTRAINT; Schema: public; Owner: postgres
--

ALTER TABLE ONLY public.investigadores
    ADD CONSTRAINT investigadores_id_inv_tipo_fkey FOREIGN KEY (id_inv_tipo) REFERENCES public.inv_tipos(id_inv_tipo);


--
-- TOC entry 3279 (class 2606 OID 19218)
-- Name: investigadores investigadores_id_persona_fkey; Type: FK CONSTRAINT; Schema: public; Owner: postgres
--

ALTER TABLE ONLY public.investigadores
    ADD CONSTRAINT investigadores_id_persona_fkey FOREIGN KEY (id_persona) REFERENCES public.personas(id_persona);


--
-- TOC entry 3300 (class 2606 OID 19494)
-- Name: lugar_desarrollos lugar_desarrollos_id_proyecto_fkey; Type: FK CONSTRAINT; Schema: public; Owner: postgres
--

ALTER TABLE ONLY public.lugar_desarrollos
    ADD CONSTRAINT lugar_desarrollos_id_proyecto_fkey FOREIGN KEY (id_proyecto) REFERENCES public.proyectos(id_proyecto);


--
-- TOC entry 3309 (class 2606 OID 19639)
-- Name: nota_archivos nota_archivos_id_nota_prensa_fkey; Type: FK CONSTRAINT; Schema: public; Owner: postgres
--

ALTER TABLE ONLY public.nota_archivos
    ADD CONSTRAINT nota_archivos_id_nota_prensa_fkey FOREIGN KEY (id_nota_prensa) REFERENCES public.nota_prensas(id_nota_prensa);


--
-- TOC entry 3310 (class 2606 OID 19644)
-- Name: nota_archivos nota_archivos_id_tipo_fkey; Type: FK CONSTRAINT; Schema: public; Owner: postgres
--

ALTER TABLE ONLY public.nota_archivos
    ADD CONSTRAINT nota_archivos_id_tipo_fkey FOREIGN KEY (id_tipo) REFERENCES public.tipos(id_tipo);


--
-- TOC entry 3308 (class 2606 OID 19620)
-- Name: nota_prensas nota_prensas_id_proyecto_fkey; Type: FK CONSTRAINT; Schema: public; Owner: postgres
--

ALTER TABLE ONLY public.nota_prensas
    ADD CONSTRAINT nota_prensas_id_proyecto_fkey FOREIGN KEY (id_proyecto) REFERENCES public.proyectos(id_proyecto);


--
-- TOC entry 3287 (class 2606 OID 19315)
-- Name: permiso_archivos permiso_archivos_id_proyecto_fkey; Type: FK CONSTRAINT; Schema: public; Owner: postgres
--

ALTER TABLE ONLY public.permiso_archivos
    ADD CONSTRAINT permiso_archivos_id_proyecto_fkey FOREIGN KEY (id_proyecto) REFERENCES public.proyectos(id_proyecto);


--
-- TOC entry 3288 (class 2606 OID 19320)
-- Name: permiso_archivos permiso_archivos_id_tipo_fkey; Type: FK CONSTRAINT; Schema: public; Owner: postgres
--

ALTER TABLE ONLY public.permiso_archivos
    ADD CONSTRAINT permiso_archivos_id_tipo_fkey FOREIGN KEY (id_tipo) REFERENCES public.tipos(id_tipo);


--
-- TOC entry 3275 (class 2606 OID 19116)
-- Name: personas personas_id_fotografia_fkey; Type: FK CONSTRAINT; Schema: public; Owner: postgres
--

ALTER TABLE ONLY public.personas
    ADD CONSTRAINT personas_id_fotografia_fkey FOREIGN KEY (id_fotografia) REFERENCES public.fotografias(id_fotografia);


--
-- TOC entry 3324 (class 2606 OID 19825)
-- Name: peti_archivos peti_archivos_id_peticion_fkey; Type: FK CONSTRAINT; Schema: public; Owner: postgres
--

ALTER TABLE ONLY public.peti_archivos
    ADD CONSTRAINT peti_archivos_id_peticion_fkey FOREIGN KEY (id_peticion) REFERENCES public.peticiones(id_peticion);


--
-- TOC entry 3325 (class 2606 OID 19830)
-- Name: peti_archivos peti_archivos_id_tipo_fkey; Type: FK CONSTRAINT; Schema: public; Owner: postgres
--

ALTER TABLE ONLY public.peti_archivos
    ADD CONSTRAINT peti_archivos_id_tipo_fkey FOREIGN KEY (id_tipo) REFERENCES public.tipos(id_tipo);


--
-- TOC entry 3323 (class 2606 OID 19806)
-- Name: peticiones peticiones_id_investigador_fkey; Type: FK CONSTRAINT; Schema: public; Owner: postgres
--

ALTER TABLE ONLY public.peticiones
    ADD CONSTRAINT peticiones_id_investigador_fkey FOREIGN KEY (id_investigador) REFERENCES public.investigadores(id_investigador);


--
-- TOC entry 3322 (class 2606 OID 19801)
-- Name: peticiones peticiones_id_proyecto_fkey; Type: FK CONSTRAINT; Schema: public; Owner: postgres
--

ALTER TABLE ONLY public.peticiones
    ADD CONSTRAINT peticiones_id_proyecto_fkey FOREIGN KEY (id_proyecto) REFERENCES public.proyectos(id_proyecto);


--
-- TOC entry 3283 (class 2606 OID 19270)
-- Name: proy_archivos proy_archivos_id_proyecto_fkey; Type: FK CONSTRAINT; Schema: public; Owner: postgres
--

ALTER TABLE ONLY public.proy_archivos
    ADD CONSTRAINT proy_archivos_id_proyecto_fkey FOREIGN KEY (id_proyecto) REFERENCES public.proyectos(id_proyecto);


--
-- TOC entry 3284 (class 2606 OID 19275)
-- Name: proy_archivos proy_archivos_id_tipo_fkey; Type: FK CONSTRAINT; Schema: public; Owner: postgres
--

ALTER TABLE ONLY public.proy_archivos
    ADD CONSTRAINT proy_archivos_id_tipo_fkey FOREIGN KEY (id_tipo) REFERENCES public.tipos(id_tipo);


--
-- TOC entry 3281 (class 2606 OID 19246)
-- Name: proyectos proyectos_id_adm_fkey; Type: FK CONSTRAINT; Schema: public; Owner: postgres
--

ALTER TABLE ONLY public.proyectos
    ADD CONSTRAINT proyectos_id_adm_fkey FOREIGN KEY (id_adm) REFERENCES public.personas(id_persona);


--
-- TOC entry 3282 (class 2606 OID 19251)
-- Name: proyectos proyectos_id_coordinador_fkey; Type: FK CONSTRAINT; Schema: public; Owner: postgres
--

ALTER TABLE ONLY public.proyectos
    ADD CONSTRAINT proyectos_id_coordinador_fkey FOREIGN KEY (id_coordinador) REFERENCES public.investigadores(id_investigador);


--
-- TOC entry 3320 (class 2606 OID 19777)
-- Name: publi_archivos publi_archivos_id_publicacion_fkey; Type: FK CONSTRAINT; Schema: public; Owner: postgres
--

ALTER TABLE ONLY public.publi_archivos
    ADD CONSTRAINT publi_archivos_id_publicacion_fkey FOREIGN KEY (id_publicacion) REFERENCES public.publicaciones(id_publicacion);


--
-- TOC entry 3321 (class 2606 OID 19782)
-- Name: publi_archivos publi_archivos_id_tipo_fkey; Type: FK CONSTRAINT; Schema: public; Owner: postgres
--

ALTER TABLE ONLY public.publi_archivos
    ADD CONSTRAINT publi_archivos_id_tipo_fkey FOREIGN KEY (id_tipo) REFERENCES public.tipos(id_tipo);


--
-- TOC entry 3315 (class 2606 OID 19713)
-- Name: publicaciones publicaciones_id_coordinador_fkey; Type: FK CONSTRAINT; Schema: public; Owner: postgres
--

ALTER TABLE ONLY public.publicaciones
    ADD CONSTRAINT publicaciones_id_coordinador_fkey FOREIGN KEY (id_coordinador) REFERENCES public.investigadores(id_investigador);


--
-- TOC entry 3314 (class 2606 OID 19708)
-- Name: publicaciones publicaciones_id_proyecto_fkey; Type: FK CONSTRAINT; Schema: public; Owner: postgres
--

ALTER TABLE ONLY public.publicaciones
    ADD CONSTRAINT publicaciones_id_proyecto_fkey FOREIGN KEY (id_proyecto) REFERENCES public.proyectos(id_proyecto);


--
-- TOC entry 3328 (class 2606 OID 19873)
-- Name: segui_archivos segui_archivos_id_seguimiento_fkey; Type: FK CONSTRAINT; Schema: public; Owner: postgres
--

ALTER TABLE ONLY public.segui_archivos
    ADD CONSTRAINT segui_archivos_id_seguimiento_fkey FOREIGN KEY (id_seguimiento) REFERENCES public.seguimientos(id_seguimiento);


--
-- TOC entry 3329 (class 2606 OID 19878)
-- Name: segui_archivos segui_archivos_id_tipo_fkey; Type: FK CONSTRAINT; Schema: public; Owner: postgres
--

ALTER TABLE ONLY public.segui_archivos
    ADD CONSTRAINT segui_archivos_id_tipo_fkey FOREIGN KEY (id_tipo) REFERENCES public.tipos(id_tipo);


--
-- TOC entry 3327 (class 2606 OID 19854)
-- Name: seguimientos seguimientos_id_director_fkey; Type: FK CONSTRAINT; Schema: public; Owner: postgres
--

ALTER TABLE ONLY public.seguimientos
    ADD CONSTRAINT seguimientos_id_director_fkey FOREIGN KEY (id_director) REFERENCES public.personas(id_persona);


--
-- TOC entry 3326 (class 2606 OID 19849)
-- Name: seguimientos seguimientos_id_proyecto_fkey; Type: FK CONSTRAINT; Schema: public; Owner: postgres
--

ALTER TABLE ONLY public.seguimientos
    ADD CONSTRAINT seguimientos_id_proyecto_fkey FOREIGN KEY (id_proyecto) REFERENCES public.proyectos(id_proyecto);


--
-- TOC entry 3298 (class 2606 OID 19456)
-- Name: unidades unidades_id_proyecto_fkey; Type: FK CONSTRAINT; Schema: public; Owner: postgres
--

ALTER TABLE ONLY public.unidades
    ADD CONSTRAINT unidades_id_proyecto_fkey FOREIGN KEY (id_proyecto) REFERENCES public.proyectos(id_proyecto);


-- Completed on 2020-10-23 17:31:02 -04

--
-- PostgreSQL database dump complete
--

